"#phase","CV^2","1/E[YFP]]"
0.2,0.000587958607714017,"0.0002956842591457825 - 0.10000000000000003*(0. - 9.999999999999996*(-0.0002956842591457825 + """"))"
0.21000000000000002,0.0005633989383500551,"0.0002956842591457825 - 0.09000000000000002*(0.010000000000000009*(-0.9500000000000002*(3.3333333333333335*(0.13651887229682635 - 5.*(0.00034425131292913135 - """")) - 10.000000000000002*(5.*(0.00034425131292913135 - """") + 9.999999999999996*(-0.0002956842591457825 + """"))) + 10.000000000000002*(5.*(0.00034425131292913135 - """") + 9.999999999999996*(-0.0002956842591457825 + """"))) - 9.999999999999996*(-0.0002956842591457825 + """"))"
0.22,0.0005414235566105401,"0.0002956842591457825 - 0.08000000000000004*(0.01999999999999999*(-0.9000000000000001*(3.333333333333333*(0.1365188722968263 - 5.*(0.00034425131292913135 - """")) - 10.000000000000002*(5.*(0.00034425131292913135 - """") + 9.999999999999996*(-0.0002956842591457825 + """"))) + 10.000000000000002*(5.*(0.00034425131292913135 - """") + 9.999999999999996*(-0.0002956842591457825 + """"))) - 9.999999999999996*(-0.0002956842591457825 + """"))"
0.23,0.000521913768061286,"0.0002956842591457825 - 0.07000000000000003*(0.03*(-0.8500000000000001*(3.333333333333333*(0.1365188722968263 - 5.*(0.00034425131292913135 - """")) - 10.000000000000002*(5.*(0.00034425131292913135 - """") + 9.999999999999996*(-0.0002956842591457825 + """"))) + 10.000000000000002*(5.*(0.00034425131292913135 - """") + 9.999999999999996*(-0.0002956842591457825 + """"))) - 9.999999999999996*(-0.0002956842591457825 + """"))"
0.24000000000000002,0.0005047508782681071,"0.0002956842591457825 - 0.060000000000000026*(0.04000000000000001*(-0.8*(3.333333333333333*(0.1365188722968263 - 5.*(0.00034425131292913135 - """")) - 10.000000000000002*(5.*(0.00034425131292913135 - """") + 9.999999999999996*(-0.0002956842591457825 + """"))) + 10.000000000000002*(5.*(0.00034425131292913135 - """") + 9.999999999999996*(-0.0002956842591457825 + """"))) - 9.999999999999996*(-0.0002956842591457825 + """"))"
0.25,0.000489816192796818,"0.0002956842591457825 - 0.050000000000000044*(0.04999999999999999*(-0.7500000000000002*(3.3333333333333335*(0.13651887229682635 - 5.*(0.00034425131292913135 - """")) - 10.000000000000002*(5.*(0.00034425131292913135 - """") + 9.999999999999996*(-0.0002956842591457825 + """"))) + 10.000000000000002*(5.*(0.00034425131292913135 - """") + 9.999999999999996*(-0.0002956842591457825 + """"))) - 9.999999999999996*(-0.0002956842591457825 + """"))"
0.26,0.00047699101721323275,"0.0002956842591457825 - 0.040000000000000036*(0.06*(-0.7000000000000002*(3.3333333333333335*(0.13651887229682635 - 5.*(0.00034425131292913135 - """")) - 10.000000000000002*(5.*(0.00034425131292913135 - """") + 9.999999999999996*(-0.0002956842591457825 + """"))) + 10.000000000000002*(5.*(0.00034425131292913135 - """") + 9.999999999999996*(-0.0002956842591457825 + """"))) - 9.999999999999996*(-0.0002956842591457825 + """"))"
0.27,0.00046615665708316567,"0.0002956842591457825 - 0.030000000000000027*(0.07*(-0.6500000000000001*(3.3333333333333335*(0.13651887229682635 - 5.*(0.00034425131292913135 - """")) - 10.000000000000002*(5.*(0.00034425131292913135 - """") + 9.999999999999996*(-0.0002956842591457825 + """"))) + 10.000000000000002*(5.*(0.00034425131292913135 - """") + 9.999999999999996*(-0.0002956842591457825 + """"))) - 9.999999999999996*(-0.0002956842591457825 + """"))"
0.28,0.00045719441797243115,"0.0002956842591457825 - 0.020000000000000018*(0.08000000000000002*(-0.6000000000000001*(3.3333333333333335*(0.13651887229682635 - 5.*(0.00034425131292913135 - """")) - 10.000000000000002*(5.*(0.00034425131292913135 - """") + 9.999999999999996*(-0.0002956842591457825 + """"))) + 10.000000000000002*(5.*(0.00034425131292913135 - """") + 9.999999999999996*(-0.0002956842591457825 + """"))) - 9.999999999999996*(-0.0002956842591457825 + """"))"
0.29000000000000004,0.00044998560544684345,"0.0002956842591457825 - 0.010000000000000009*(0.09000000000000002*(-0.55*(3.3333333333333335*(0.13651887229682635 - 5.*(0.00034425131292913135 - """")) - 10.000000000000002*(5.*(0.00034425131292913135 - """") + 9.999999999999996*(-0.0002956842591457825 + """"))) + 10.000000000000002*(5.*(0.00034425131292913135 - """") + 9.999999999999996*(-0.0002956842591457825 + """"))) - 9.999999999999996*(-0.0002956842591457825 + """"))"
0.30000000000000004,0.0004444115250722169,0.0002956842591457825
0.31,0.00044035348241436577,"0.00034425131292913135 - 0.09000000000000002*(0.00048567053783348836 + 0.009999999999999953*(0.6801660087949645 + 0.95*(-0.6801660087949645 - 9.999999999999996*(-0.06850227141732992 - 3.3333333333333335*(-0.013996138542611763 + """")))))"
0.32,0.00043769278303910437,"0.00034425131292913135 - 0.08000000000000002*(0.00048567053783348836 + 0.019999999999999962*(0.6801660087949645 + 0.8999999999999999*(-0.6801660087949645 - 9.999999999999996*(-0.06850227141732992 - 3.3333333333333335*(-0.013996138542611763 + """")))))"
0.33,0.00043631073251224696,"0.00034425131292913135 - 0.07*(0.00048567053783348836 + 0.02999999999999997*(0.6801660087949645 + 0.8499999999999999*(-0.6801660087949645 - 9.999999999999996*(-0.06850227141732992 - 3.3333333333333335*(-0.013996138542611763 + """")))))"
0.34,0.0004360886363996079,"0.00034425131292913135 - 0.06*(0.00048567053783348836 + 0.03999999999999998*(0.6801660087949645 + 0.7999999999999998*(-0.6801660087949645 - 9.999999999999996*(-0.06850227141732992 - 3.3333333333333335*(-0.013996138542611763 + """")))))"
0.35,0.00043690780026700137,"0.00034425131292913135 - 0.050000000000000044*(0.00048567053783348836 + 0.04999999999999993*(0.6801660087949645 + 0.7500000000000001*(-0.6801660087949645 - 9.999999999999996*(-0.06850227141732992 - 3.3333333333333335*(-0.013996138542611763 + """")))))"
0.36,0.00043864952968024183,"0.00034425131292913135 - 0.040000000000000036*(0.00048567053783348836 + 0.05999999999999994*(0.6801660087949645 + 0.7000000000000001*(-0.6801660087949645 - 9.999999999999996*(-0.06850227141732992 - 3.3333333333333335*(-0.013996138542611763 + """")))))"
0.37,0.0004411951302051435,"0.00034425131292913135 - 0.030000000000000027*(0.00048567053783348836 + 0.06999999999999995*(0.6801660087949645 + 0.65*(-0.6801660087949645 - 9.999999999999996*(-0.06850227141732992 - 3.3333333333333335*(-0.013996138542611763 + """")))))"
0.38,0.00044442590740752073,"0.00034425131292913135 - 0.020000000000000018*(0.00048567053783348836 + 0.07999999999999996*(0.6801660087949645 + 0.6*(-0.6801660087949645 - 9.999999999999996*(-0.06850227141732992 - 3.3333333333333335*(-0.013996138542611763 + """")))))"
0.39,0.00044822316685318777,"0.00034425131292913135 - 0.010000000000000009*(0.00048567053783348836 + 0.08999999999999997*(0.6801660087949645 + 0.5499999999999999*(-0.6801660087949645 - 9.999999999999996*(-0.06850227141732992 - 3.3333333333333335*(-0.013996138542611763 + """")))))"
0.4,0.00045246821410795893,0.00034425131292913135
0.41000000000000003,0.00045619934688795067,0.0015313258858582687
0.42000000000000004,0.00046019196999350537,0.0028281284934023806
0.43000000000000005,0.0004643784803752674,0.004208353968417443
0.44,0.00046869127498388124,0.00564569714375943
0.45,0.00047306275076999143,0.007113852852284333
0.46,0.00047742530468424237,0.008586515926848125
0.47000000000000003,0.0004817113336772786,0.010037381200306787
0.48000000000000004,0.00048585323469974446,0.011440143505516294
0.49,0.0004897834047022845,0.012768497675332622
0.5,0.0004934342406355433,0.013996138542611763
0.51,0.0004956435839458612,0.014470095942939354
0.52,0.0004975047237854173,0.01482870940324597
0.53,0.0004990163938020864,0.015083653453191856
0.54,0.0005001773276437438,0.015246602622437254
0.55,0.0005009862589582645,0.015329231440642405
0.56,0.0005014419213935233,0.01534321443746755
0.5700000000000001,0.0005015430485973953,0.015300226142572931
0.5800000000000001,0.0005012883742177556,0.015211941085618793
0.5900000000000001,0.0005006766319024793,0.015090033796265376
0.6000000000000001,0.0004997065552994411,0.01494617880417292
0.6100000000000001,0.0004985052492074483,0.014818138884941767
0.62,0.0004969352960536905,0.01468991921647751
0.63,0.000494987649416289,0.014571613222625839
0.64,0.0004926532628733655,0.014473314327232444
0.65,0.0004899230900030416,0.014405115954143018
0.66,0.0004867880843834388,0.014377111527203248
0.67,0.0004832391995926787,0.01439939447025883
0.6799999999999999,0.0004792673892088829,0.014482058207155448
0.69,0.00047486360681017287,0.014635196161738799
0.7,0.0004700188059746702,0.014868901757854571
0.71,0.0004641026461522546,0.0156723723717973
0.72,0.00045776502923887993,0.016547560871785123
0.73,0.0004510345630022582,0.017475524078485
0.74,0.00044393985521010127,0.018437318812563906
0.75,0.0004365095136301212,0.019414001894688813
0.76,0.00042877214603003,0.020386630145526698
0.77,0.00042075636017753953,0.021336260385744526
0.78,0.0004124907638403619,0.022243949436009273
0.79,0.000404003964786209,0.023090754116987914
0.8,0.00039532457078279284,0.023857731249347418
0.81,0.00038573762121920806,0.02408274700199483
0.8200000000000001,0.00037606035699200323,0.02421690888685765
0.8300000000000001,0.0003663664506191095,0.024268133764103455
0.8400000000000001,0.00035672957461845814,0.02424433849389982
0.8500000000000001,0.0003472234015079803,0.02415343993641432
0.8600000000000001,0.0003379216038056072,0.024003354951814524
0.8700000000000001,0.00032889785402927013,0.023802000400268013
0.8800000000000001,0.0003202258246969002,0.023557293141942357
0.8900000000000001,0.0003119791883264287,0.023277150037005128
0.9000000000000001,0.00030423161743578676,0.022969487945623906
0.9099999999999999,0.00029833541759275,0.02267938838575359
0.9199999999999999,0.0002930081353532933,0.02237535115627216
0.9299999999999999,0.00028824595032323624,0.02206304071384493
0.94,0.00028404504210839833,0.021748121515137216
0.95,0.000280401590314599,0.02143625801681433
0.96,0.00027731177454765776,0.021133114675541586
0.97,0.0002747717744133939,0.02084435594798429
0.98,0.000272777769517627,0.02057564629080776
0.99,0.00027132593946617645,0.020332650160677306
1.,0.00027041246386486165,0.02012103201425824
1.01,0.0002696721731945259,0.020050452924179177
1.02,0.00026948449613293303,0.02001627790593223
1.03,0.00026986751223287083,0.020017868590972817
1.04,0.00027083930104712694,0.020054586610756348
1.05,0.0002724179421284891,0.02012579359673824
1.06,0.00027462151502974494,0.02023085118037391
1.07,0.00027746809930368225,0.020369120993118772
1.08,0.00028097577450308866,0.02053996466642824
1.09,0.00028516262018075185,0.020742743831757733
1.1,0.0002900467158894596,0.02097682012056266
1.11,0.00029624485741679374,0.02137166471653822
1.12,0.000303140122248336,0.021788644271491575
1.1300000000000001,0.00031071430410446234,0.02221923498946967
1.1400000000000001,0.00031894919670554867,0.022654913074519452
1.1500000000000001,0.00032782659377197096,0.02308715473068786
1.16,0.00033732828902410485,0.02350743616202183
1.17,0.0003474360761823268,0.023907233572568326
1.18,0.0003581317489670124,0.02427802316637428
1.19,0.00036939710109853773,0.02461128114748664
1.2,0.0003812139262972786,0.024898483719952347
1.21,0.0003939330816327447,0.02494201651106333
1.22,0.00040714493000047313,0.024933906336576394
1.23,0.0004208088976451348,0.024877089435493337
1.24,0.0004348844108114006,0.024774502046815947
1.25,0.0004493308957439413,0.024629080409546027
1.26,0.00046410777868742786,0.02444376076268536
1.27,0.00047917448588653106,0.02422147934523575
1.28,0.0004944904435859218,0.023965172396198983
1.29,0.0005100150780302709,0.023677776154576852
1.3,0.0005257078154642492,0.023362226859371157
1.31,0.0005419440941394019,0.02300681527044734
1.32,0.0005582421154446243,0.022630010710739685
1.33,0.0005745360927756854,0.022235637024046125
1.34,0.0005907602395283547,0.021827518054164597
1.35,0.0006068487690984018,0.021409477644893038
1.3599999999999999,0.0006227358948815955,0.020985339640029393
1.3699999999999999,0.000638355830273706,0.02055892788337158
1.38,0.0006536427886705022,0.02013406621871754
1.39,0.0006685309834677537,0.019714578489865214
1.4,0.0006829546280612298,0.019304288540612533
1.41,0.0006977467797568855,0.018884929749871666
1.42,0.0007118883326518086,0.018483755242380006
1.43,0.0007252590247532721,0.018105927677989162
1.44,0.0007377385940685495,0.017756609716550756
1.45,0.0007492067786049139,0.017440964017916404
1.46,0.0007595433163696386,0.01716415324193773
1.47,0.000768627945369997,0.01693134004846635
1.48,0.0007763404036132624,0.01674768709735388
1.49,0.000782560429106708,0.01661835704845194
1.5,0.000787167759857607,0.01654851256161215
1.51,0.000787231063240586,0.016731710873810084
1.52,0.0007856115158126952,0.016973302214614377
1.53,0.0007823592234983379,0.017267031390717617
1.54,0.0007775242922219176,0.0176066432088124
1.55,0.0007711568279078375,0.01798588247559131
1.56,0.0007633069364805012,0.018398493997746942
1.57,0.000754024723864312,0.018838222581971882
1.58,0.0007433602959836732,0.01929881303495873
1.59,0.0007313637587629884,0.01977401016340007
1.6,0.0007180852181266608,0.02025755877398849
1.6099999999999999,0.0007014669520131139,0.020746535741453673
1.6199999999999999,0.0006837946414833963,0.021231151860933734
1.63,0.000665246139612577,0.021704949995603847
1.64,0.0006459992994757249,0.022161473008639212
1.65,0.0006262319741479089,0.022594263763215012
1.66,0.000606122016704198,0.022996865122506444
1.67,0.0005858472802196608,0.023362819949688692
1.68,0.0005655856177693662,0.023685671107936953
1.69,0.0005455148824283832,0.023958961460426417
1.7,0.0005258129272717806,0.02417623387033227
1.71,0.0005094663985393217,0.024096317372124566
1.72,0.0004936741262526116,0.023961693738211214
1.73,0.0004784437335979498,0.023780130912295
1.74,0.0004637828437616357,0.023559396838078693
1.75,0.0004496990799299688,0.02330725945926507
1.76,0.00043620006528924865,0.023031486719556907
1.77,0.00042329342302577466,0.022739846562656985
1.78,0.0004109867763258464,0.02244010693226807
1.79,0.00039928774837576334,0.022140035772092944
1.8,0.00038820396236182494,0.021847401025834382
1.81,0.0003781080749388091,0.021720962984852262
1.82,0.00036862055258402314,0.021608346193819097
1.83,0.0003597268952432526,0.02150816754506451
1.84,0.0003514126028622832,0.02141904393091811
1.85,0.0003436631753869006,0.02133959224370952
1.86,0.0003364641127628904,0.021268429375768356
1.8699999999999999,0.00032980091493603844,0.02120417221942424
1.88,0.00032365908185213007,0.021145437667006783
1.89,0.00031802411345695106,0.021090842610845605
1.9,0.00031288150969628706,0.021039003943270324
1.91,0.00030801879931320175,0.020922500519943186
1.92,0.0003036314517109132,0.020809989575113742
1.93,0.0002997169650899175,0.02070409030636419
1.94,0.00029627283765071066,0.020607421911276708
1.95,0.00029329656759378883,0.020522603587433488
1.96,0.00029078565311964805,0.020452254532416708
1.97,0.00028873759242878437,0.020398993943808563
1.98,0.0002871498837216939,0.020365441019191233
1.99,0.0002860200251988727,0.020354214956146904
2.,0.0002853455150608169,0.020367934952257766
2.0100000000000002,0.0002847814961480896,0.0205035757737187
2.02,0.0002846885708308127,0.02066368253018933
2.0300000000000002,0.00028508498611917515,0.02084515589994199
2.04,0.000285988989023366,0.021044896561248996
2.0500000000000003,0.00028741882655357423,0.021259805192382686
2.06,0.0002893927457199887,0.02148678247161537
2.0700000000000003,0.0002919289935327986,0.021722729077219394
2.08,0.00029504581700219264,0.02196454568746706
2.0900000000000003,0.00029876146313836016,0.022209132980630715
2.1,0.0003030941789514897,0.022453391634982667
2.1100000000000003,0.0003083517839800075,0.02267182549463392
2.12,0.00031424540285566907,0.022885089455906688
2.13,0.0003207757327384675,0.02309144158096187
2.14,0.00032794347078839587,0.023289139931960367
2.15,0.0003357493141654464,0.02347644257106305
2.16,0.00034419396002961257,0.023651607560430832
2.17,0.00035327810554088647,0.023812892962224587
2.18,0.00036300244785926163,0.02395855683860522
2.19,0.0003733676841447301,0.02408685725173361
2.2,0.0003843745115572856,0.02419605226377066
2.2100000000000004,0.00039647539172633315,0.024261114665773433
2.22,0.00040919187767763943,0.024304999019558387
2.2300000000000004,0.00042249728690638545,0.024327374615838167
2.24,0.00043636493690774996,0.02432791074532541
2.25,0.0004507681451769135,0.024306276698732754
2.2600000000000002,0.00046568022920905663,0.024262141766772834
2.27,0.0004810745064993579,0.024195175240158292
2.2800000000000002,0.0004969242945429988,0.024105046409601764
2.29,0.0005132029108351576,0.023991424565815895
2.3000000000000003,0.0005298836728710157,0.02385397899951331
2.31,0.0005478906223693907,0.023669754733737648
2.3200000000000003,0.0005661887329519075,0.02346241649460806
2.33,0.0005846937024638269,0.023233004740574725
2.3400000000000003,0.0006033212287504128,0.02298255993008777
2.35,0.000621987009656926,0.02271212252159738
2.3600000000000003,0.0006406067430286306,0.02242273297355368
2.37,0.0006590961267107874,0.022115431744406853
2.3800000000000003,0.0006773708585486605,0.021791259292607026
2.39,0.0006953466363875104,0.02145125607660438
2.4000000000000004,0.0007129391580726013,0.021096462554849045
2.41,0.0007314760923735977,0.020540324175899575
2.4200000000000004,0.0007493755922159416,0.0199828458026366
2.43,0.0007664677814494752,0.01943643728804921
2.4400000000000004,0.000782582783924044,0.018913508485126396
2.45,0.0007975507234894908,0.01842646924685725
2.4600000000000004,0.0008112017239956608,0.017987729426230774
2.47,0.0008233659092923968,0.01760969887623604
2.4800000000000004,0.0008338734032295438,0.017304787449862056
2.49,0.0008425543296569449,0.0170854050000979
2.5000000000000004,0.0008492388124244449,0.01696396137993258
2.5100000000000002,0.0008499169062578605,0.017390107122563832
2.52,0.000848491535593125,0.01791251196560783
2.5300000000000002,0.0008450255557421445,0.018517086326889507
2.54,0.0008395818220168253,0.019189740624233693
2.5500000000000003,0.0008322231897290734,0.01991638527546532
2.56,0.0008230125141907953,0.02068293069840921
2.5700000000000003,0.0008120126507138967,0.02147528731089031
2.58,0.0007992864546102846,0.02227936553073343
2.5900000000000003,0.0007848967811918643,0.023081075775763515
2.6,0.0007689064857705431,0.023866328463805386
2.6100000000000003,0.0007484874589601537,0.024494187255946084
2.62,0.0007267687307523775,0.02508509700897487
2.6300000000000003,0.0007039883664408201,0.025632655822943214
2.64,0.0006803844313190911,0.026130461797902495
2.6500000000000004,0.0006561949906807962,0.026572113033904166
2.66,0.0006316581098195447,0.02695120763099961
2.6700000000000004,0.0006070118540289424,0.02726134368924029
2.68,0.0005824942886025988,0.027496119308677586
2.6900000000000004,0.0005583434788341193,0.027649132589362944
2.7,0.0005347974900171135,0.027713981631347768
2.7100000000000004,0.0005161252155332378,0.027348988145882918
2.72,0.0004982895999766537,0.026903346402959827
2.7300000000000004,0.00048128441602957034,0.026390974283769297
2.74,0.0004651034363741997,0.025825789669502226
2.7500000000000004,0.00044974043369275094,0.025221710441349413
2.7600000000000002,0.000435189180667436,0.024592654480501755
2.77,0.00042144344998046464,0.023952539668150072
2.7800000000000002,0.00040849701431404703,0.023315283885485184
2.79,0.0003963436463503947,0.022694805013697993
2.8000000000000003,0.0003849771187717173,0.022105020933979293
2.81,0.0003748647590669909,0.02185977214109552
2.8200000000000003,0.0003654980848203415,0.021654876774566463
2.83,0.0003568421684226614,0.0214860755874875
2.8400000000000003,0.00034886208226484134,0.021349109332953975
2.85,0.00034152289873777347,0.02123971876406126
2.8600000000000003,0.0003347896902323487,0.021153644633904706
2.87,0.0003286275291394591,0.021086627695579677
2.8800000000000003,0.00032300148784999554,0.02103440870218153
2.89,0.00031787663875485004,0.02099272840680563
2.9000000000000004,0.0003132180542449137,0.020957327562547333
2.91,0.00030834311007246236,0.02083517440184573
2.9200000000000004,0.0003039038296087374,0.020716162351219487
2.93,0.00029990453958636504,0.02060141231653103
2.9400000000000004,0.0002963495667379707,0.020492045203642752
2.95,0.00029324323779618053,0.02038918191841707
2.9600000000000004,0.00029058987949362003,0.02029394336671638
2.97,0.0002883938185629152,0.0202074504544031
2.9800000000000004,0.0002866593817366917,0.02013082408733963
2.99,0.0002853908957475755,0.02006518517138838
3.0000000000000004,0.0002845926873281922,0.02001165461241175
3.0100000000000002,0.0002840958683629804,0.019955420201783557
3.02,0.00028408847830234033,0.019914501603157143
3.0300000000000002,0.00028458534174848483,0.019890985365697254
3.04,0.0002856012833036268,0.01988695803856863
3.0500000000000003,0.0002871511275699792,0.019904506170936028
3.06,0.0002892496991497548,0.01994571631196419
3.0700000000000003,0.00029191182264516667,0.02001267501081786
3.08,0.0002951523226584275,0.020107468816661783
3.0900000000000003,0.0002989860237917505,0.020232184278660713
3.1,0.0003034277506473482,0.020388907945979386
3.1100000000000003,0.0003086624038216092,0.020734414730963647
3.12,0.00031452442428656004,0.021106727767283128
3.1300000000000003,0.0003210183290084035,0.021498558551788602
3.14,0.00032814863495334126,0.021902618581330777
3.1500000000000004,0.00033591985908757626,0.022311619352760426
3.16,0.00034433651837731014,0.02271827236292826
3.1700000000000004,0.0003534031297887458,0.02311528910868505
3.18,0.0003631242102880848,0.02349538108688151
3.1900000000000004,0.00037350427684153026,0.023851259794368408
3.2,0.0003845478464152835,0.024175636727996455
3.2100000000000004,0.0003966070644557399,0.024325953277805255
3.22,0.00040931775105616965,0.024438389235748283
3.2300000000000004,0.0004226633547900373,0.024513854286967875
3.24,0.000436627324230805,0.02455325811660635
3.2500000000000004,0.0004511931079519374,0.02455751040980604
3.2600000000000002,0.00046634415452689653,0.024527520851709273
3.2700000000000005,0.0004820639125291471,0.02446419912745837
3.2800000000000002,0.0004983358305321511,0.02436845492219566
3.29,0.0005151433571093726,0.024241197921063478
3.3000000000000003,0.0005324699408342757,0.024083337809204134
3.31,0.0005516162859876637,0.023896578083339517
3.3200000000000003,0.0005711687517564273,0.023680986507239692
3.33,0.0005910309530347954,0.023437424656254306
3.3400000000000003,0.0006111065047170003,0.023166754105732965
3.35,0.0006312990216972707,0.022869836431025317
3.3600000000000003,0.000651512118869839,0.022547533207480968
3.37,0.0006716494111289339,0.02220070601044957
3.3800000000000003,0.0006916145133687879,0.021830216415280716
3.39,0.0007113110404836295,0.021436925997324073
3.4000000000000004,0.0007306426073676913,0.02102169633192923
3.41,0.0007513671036431461,0.02034580916666577
3.4200000000000004,0.00077142148918974,0.01966422589422578
3.43,0.0007905969986151598,0.018992328079521382
3.4400000000000004,0.0008086848665270956,0.01834549728746457
3.45,0.0008254763275332342,0.017739115082967456
3.4600000000000004,0.0008407626162412656,0.01718856303094204
3.47,0.0008543349672588768,0.01670922269630044
3.4800000000000004,0.0008659846151937578,0.016316475643954657
3.49,0.0008755027946535958,0.016025703438816787
3.5000000000000004,0.0008826807402460801,0.015852287645798865
3.5100000000000002,0.0008820076157256275,0.01637989444704647
3.5200000000000005,0.0008788980641806688,0.017021179298284596
3.5300000000000002,0.0008734646578463638,0.017757082272471723
3.54,0.0008658199689578717,0.018568543442566393
3.5500000000000003,0.0008560765697503514,0.019436502881527155
3.56,0.0008443470324589633,0.020341900662312444
3.5700000000000003,0.0008307439293188659,0.02126567685788085
3.58,0.0008153798325652196,0.022188771541190803
3.5900000000000003,0.0007983673144331829,0.023092124785200896
3.6,0.0007798189471579163,0.023956676662869558
3.6100000000000003,0.0007576593413580039,0.02447036049485522
3.62,0.0007343216346195186,0.02492488109140438
3.6300000000000003,0.0007100510029119559,0.025318936510463477
3.64,0.000685092622204815,0.025651224809978876
3.6500000000000004,0.000659691668467591,0.025920444047897007
3.66,0.0006340933176697835,0.026125292282164245
3.6700000000000004,0.0006085427457808872,0.026264467570727004
3.68,0.000583285128770402,0.026336667971531676
3.6900000000000004,0.0005585656426078227,0.02634059154252466
3.7,0.0005346294632626487,0.026274936341652358
3.7100000000000004,0.0005162373491297406,0.025960654852539684
3.72,0.0004988452220910887,0.02558496316650432
3.7300000000000004,0.0004824245864540456,0.025157331800542422
3.74,0.0004669469465259665,0.024687231271650213
3.7500000000000004,0.000452383806614204,0.024184132096823838
3.7600000000000002,0.0004387066710261133,0.023657504793059524
3.7700000000000005,0.00042588704406904714,0.02311681987735341
3.7800000000000002,0.0004138964300503605,0.022571547866701732
3.79,0.00040270633327740683,0.02203115927810065
3.8000000000000003,0.00039228825805753955,0.021505124628546327
3.81,0.0003826365095847717,0.021159380289836507
3.8200000000000003,0.0003736984094078794,0.020837448145086944
3.83,0.0003654440799622988,0.020539315932214974
3.8400000000000003,0.0003578436436834644,0.020264971389137874
3.85,0.00035086722300681206,0.02001440225377298
3.8600000000000003,0.0003444849403677764,0.019787596264037567
3.87,0.00033866691820179335,0.019584541157848967
3.8800000000000003,0.0003333832789442976,0.019405224673124468
3.89,0.00032860414503072476,0.019249634547781388
3.9000000000000004,0.0003242996388965097,0.019117758519737023
3.91,0.00031999464775749455,0.019031321647512808
3.9200000000000004,0.0003161315132214104,0.01896725693505197
3.93,0.00031270734167639536,0.018924234706901882
3.9400000000000004,0.0003097192395105871,0.018900925287609897
3.95,0.0003071643131121237,0.018895999001723368
3.9600000000000004,0.0003050396688691429,0.01890812617378966
3.97,0.00030334241316978274,0.01893597712835613
3.9800000000000004,0.00030206965240218097,0.018978222189970143
3.99,0.0003012184929544755,0.019033531683179047
4.,0.00030078604121480424,0.019100575932530207
4.01,0.0003005062361690012,0.019146508581055554
4.0200000000000005,0.0003006553011470417,0.019203426736727907
4.03,0.0003012462920765972,0.01927191082600464
4.04,0.00030229226488533904,0.01935254127534314
4.05,0.0003038062755009388,0.019445898511200797
4.06,0.0003058013798510679,0.01955256296003499
4.07,0.00030829063386339793,0.019673115048303123
4.08,0.00031128709346560005,0.01980813520246255
4.09,0.0003148038145853458,0.019958203848970672
4.1,0.00031885385315030666,0.020123901414284873
4.11,0.00032355157009300475,0.02039164713600857
4.12,0.00032880257663899686,0.020670980277262437
4.13,0.00033461378901869114,0.0209572789123132
4.14,0.00034099212346249536,0.021245921115427578
4.15,0.00034794449620081794,0.021532284960872314
4.16,0.00035547782346406553,0.021811748522914072
4.17,0.00036359902148264643,0.022079689875819597
4.18,0.00037231500648696853,0.022331487093855604
4.19,0.00038163269470744036,0.02256251825128883
4.2,0.00039155900237446817,0.022768161422385955
4.21,0.00040228652333126414,0.022827497224311426
4.220000000000001,0.0004136252430067787,0.02285924951916772
4.23,0.00042557082444276287,0.022865844711955022
4.24,0.0004381189306809707,0.022849709207673527
4.25,0.00045126522476315526,0.022813269411323424
4.260000000000001,0.0004650053697310707,0.022758951727904892
4.2700000000000005,0.00047933502862646774,0.022689182562418135
4.28,0.0004942498644911005,0.022606388319863332
4.29,0.0005097455403667221,0.02251299540524068
4.3,0.0005258177192950856,0.02241143022355036
4.3100000000000005,0.0005434345855262906,0.022406136537402414
4.32,0.0005615603402144484,0.022391340524029014
4.33,0.0005801317057220199,0.022363285718272168
4.34,0.0005990854044114643,0.022318215654973897
4.3500000000000005,0.000618358158645243,0.022252373868976206
4.36,0.0006378866907858117,0.022162003895121123
4.37,0.0006576077231956318,0.022043349268250665
4.38,0.0006774579782371624,0.02189265352320684
4.390000000000001,0.0006973741782728647,0.021706160194831653
4.4,0.0007172930456651947,0.021480112817967148
4.41,0.000740039034881572,0.020804083773253434
4.42,0.0007624861221125302,0.02010563448635272
4.430000000000001,0.0007843960156535635,0.019405655228725248
4.44,0.0008055304238001603,0.018725036271831468
4.45,0.0008256510548478147,0.01808466788713162
4.46,0.0008445196170920189,0.01750544034608602
4.470000000000001,0.0008618978188282668,0.01700824392015494
4.48,0.0008775473683520472,0.01661396888079878
4.49,0.0008912299739588542,0.016343505499477808
4.5,0.0009027073439441799,0.01621774404765233
4.510000000000001,0.0009076301652017422,0.016956378238290867
4.5200000000000005,0.0009101203202410359,0.017839143177617704
4.53,0.0009101886701697824,0.018844577413365444
4.54,0.0009078460760957028,0.019951219493266635
4.550000000000001,0.0009031033991265175,0.021137607965053935
4.5600000000000005,0.0008959715003699483,0.02238228137645968
4.57,0.0008864612409337159,0.023663778275216516
4.58,0.0008745834819255412,0.024960637209056995
4.59,0.0008603490844531452,0.026251396725713663
4.6000000000000005,0.0008437689096242473,0.027514595372919178
4.61,0.0008191241389461559,0.028604472307328762
4.62,0.0007925025664361222,0.029631398764181093
4.63,0.0007642623065109834,0.03058144658763763
4.640000000000001,0.0007347614735875737,0.03144068762185992
4.65,0.0007043581820827354,0.032195193711009255
4.66,0.000673410546413303,0.03283103669924719
4.67,0.0006422766809961137,0.03333428843073519
4.680000000000001,0.0006113147002480017,0.03369102074963473
4.69,0.0005808827185858096,0.03388730550010722
4.7,0.0005513388504263716,0.03390921452631416
4.71,0.0005293991253212285,0.03307956832770852
4.720000000000001,0.00050867841436253,0.0320878871443546
4.73,0.0004891495037771345,0.030960439871608507
4.74,0.00047078517979189544,0.02972349540482607
4.75,0.0004535582286336677,0.02840332263936321
4.760000000000001,0.000437441436529305,0.02702619047057571
4.7700000000000005,0.00042240758970566513,0.02561836779381974
4.78,0.0004084294743896017,0.024206123504451088
4.79,0.0003954798768079697,0.02281572649782567
4.800000000000001,0.00038353158318762325,0.02147344566929929
4.8100000000000005,0.0003729212191705559,0.020688850782929213
4.82,0.0003632356806948405,0.01997561890363066
4.83,0.0003544257031136874,0.019330727965020084
4.84,0.0003464420217803069,0.018751155900713943
4.8500000000000005,0.000339235372047909,0.018233880644328643
4.86,0.0003327564892697052,0.01777588012948074
4.87,0.0003269561087989052,0.017374132289786636
4.88,0.0003217849659887195,0.017025615058862784
4.890000000000001,0.00031719379619235804,0.016727306370325615
4.9,0.00031313333476303207,0.016476184157791642
4.91,0.00030872279331347805,0.016241425440668988
4.92,0.00030479482631559033,0.01604949397067382
4.930000000000001,0.00030135056450078957,0.015899052585313996
4.94,0.00029839113860049725,0.015788764122097405
4.95,0.00029591767934613396,0.015717291418531905
4.96,0.0002939313174691206,0.01568329731212536
4.970000000000001,0.00029243318370087795,0.015685444640385633
4.98,0.0002914244087728272,0.015722396240820603
4.99,0.00029090612341638904,0.015792814950938126
5.,0.00029087945836298447,0.01589536360824607
5.010000000000001,0.00029140282901573677,0.016057423162101986
5.0200000000000005,0.00029241660963607934,0.01624719784653679
5.03,0.0002939184591571482,0.01646161000743112
5.04,0.00029590603651207924,0.01669758199066558
5.050000000000001,0.00029837700063400853,0.016952036142120815
5.0600000000000005,0.0003013290104560717,0.017221894807677395
5.07,0.0003047597249114047,0.017504080333215953
5.08,0.00030866680293314356,0.017795515064617108
5.09,0.0003130479034544241,0.018093121347761473
5.1000000000000005,0.00031790068540838275,0.018393821528529686
5.11,0.00032305258640629635,0.01866690679286324
5.12,0.00032868180314690835,0.018938605262335737
5.13,0.0003347963110071037,0.019207513898581666
5.140000000000001,0.0003414040853637678,0.019472229663235554
5.15,0.00034851310159378455,0.01973134951793185
5.16,0.00035613133507403924,0.019983470424305073
5.17,0.0003642667611814168,0.02022718934398973
5.180000000000001,0.00037292735529280294,0.02046110323862033
5.19,0.000382121092785081,0.020683809069831336
5.2,0.00039185594903513665,0.020893903799257263
5.21,0.00040228157568870227,0.021073028631002636
5.220000000000001,0.00041325568541328,0.021237763905900427
5.23,0.00042477766714521656,0.021387734207253588
5.24,0.0004368469098208617,0.02152256411836511
5.25,0.00044946280237656393,0.02164187822253798
5.260000000000001,0.00046262473374867317,0.02174530110307519
5.2700000000000005,0.00047633209287353584,0.021832457343279692
5.28,0.0004905842686875017,0.02190297152645449
5.29,0.0005053806501269194,0.021956468235902558
5.300000000000001,0.000520720626128139,0.02199257205492688
5.3100000000000005,0.0005376384103399967,0.02201080243973835
5.32,0.0005550358503371104,0.022010895472070947
5.33,0.0005728496184065871,0.021992482106566572
5.34,0.0005910163868355335,0.021955193297867118
5.3500000000000005,0.0006094728279110582,0.021898660000614474
5.36,0.0006281556139202649,0.021822513169450546
5.37,0.0006470014171502618,0.02172638375901723
5.38,0.0006659469098881561,0.021609902723956412
5.390000000000001,0.0006849287644210561,0.021472701018909985
5.4,0.0007038836530360653,0.02131440959851986
5.41,0.0007252911632757825,0.020890611362082194
5.42,0.000746390936095734,0.020459776110817687
5.430000000000001,0.0007669655277069382,0.020036325590601273
5.44,0.0007867974943204081,0.019634681547308
5.45,0.0008056693921471618,0.019269265726812795
5.46,0.000823363777398216,0.018954499874990635
5.470000000000001,0.0008396632062845887,0.01870480573771647
5.48,0.0008543502350172935,0.01853460506086531
5.49,0.0008672074198073484,0.018458319590312102
5.5,0.0008780173168657701,0.018490371071931817
5.510000000000001,0.0008830354956221425,0.01922316042139407
5.5200000000000005,0.0008857852558435465,0.020058101174185508
5.53,0.0008862629105156313,0.020974586035587568
5.54,0.0008844647726240459,0.0219520077108816
5.550000000000001,0.0008803871551544384,0.022969758905349063
5.5600000000000005,0.0008740263710924587,0.02400723232427113
5.57,0.0008653787334237552,0.02504382067292926
5.58,0.0008544405551339767,0.026058916656604803
5.59,0.000841208149208772,0.027031912980579127
5.6000000000000005,0.0008256778286337887,0.027942202350133668
5.61,0.0008018697778102088,0.02843030347348169
5.62,0.0007761186279193292,0.028835020870976686
5.63,0.0007487828815579787,0.02915628506590414
5.640000000000001,0.0007202210413229833,0.029394026581549545
5.65,0.0006907916098111772,0.029548175941198337
5.66,0.0006608530896193865,0.029618663668136022
5.67,0.00063076398334444,0.02960542028564807
5.680000000000001,0.0006008827935831638,0.02950837631701995
5.69,0.000571568022932392,0.029327462285537162
5.7,0.0005431781739889508,0.029062608714485173
5.71,0.0005224825295318813,0.028472630497696345
5.720000000000001,0.000503040279843543,0.027813186856360913
5.73,0.0004848213953885127,0.02709882138221618
5.74,0.00046779584663136226,0.02634407766699927
5.75,0.00045193360403666504,0.025563499302447362
5.760000000000001,0.0004372046380689933,0.02477162988029757
5.7700000000000005,0.00042357891919292325,0.023983012992287216
5.78,0.00041102641787302686,0.02321219223015341
5.79,0.0003995171045738777,0.022473711185633335
5.800000000000001,0.0003890209497600484,0.021782113450464113
5.8100000000000005,0.0003797690863583747,0.0214434197792627
5.82,0.00037145449434315285,0.0211630313182878
5.83,0.00036403131615094067,0.020937826376677824
5.84,0.0003574536942182958,0.02076468326357118
5.8500000000000005,0.00035167577098177546,0.020640480288106285
5.86,0.00034665168887793843,0.02056209575942157
5.87,0.00034233559034334185,0.020526407986655438
5.88,0.00033868161781454336,0.0205302952789463
5.890000000000001,0.0003356439137281005,0.020570635945432583
5.9,0.00033317662052057147,0.02064430829525269
5.91,0.00033070147489362315,0.02081054936925805
5.92,0.00032873729203293967,0.02100009942780055
5.930000000000001,0.00032727048138931426,0.02120605746294511
5.94,0.00032628745241354074,0.021421522466756594
5.95,0.00032577461455641246,0.021639593431299915
5.96,0.00032571837726872295,0.021853369348639972
5.970000000000001,0.00032610515000126573,0.022055949210841686
5.98,0.00032692134220483417,0.022240432009969918
5.99,0.0003281533633302219,0.02239991673808959
6.,0.00032978762282822227,0.02252750238726559
6.010000000000001,0.0003319328940294364,0.02248691625673602
6.0200000000000005,0.00033444580651213453,0.022408469740048755
6.03,0.0003373053537343946,0.022293102537924863
6.04,0.00034049052915429464,0.02214175435108541
6.050000000000001,0.0003439803262299128,0.02195536488025145
6.0600000000000005,0.00034775373841932635,0.021734873826144082
6.07,0.00035178975918061353,0.02148122088948436
6.08,0.00035606738197185216,0.02119534577099335
6.09,0.0003605656002511202,0.02087818817139213
6.1000000000000005,0.000365263407476496,0.020530687791401724
6.11,0.00037006927702480327,0.020036821728150342
6.12,0.00037503699637969195,0.019521580928593945
6.13,0.00038014983294355845,0.018992993736095597
6.140000000000001,0.0003853910541187994,0.018459088494018318
6.15,0.0003907439273078103,0.01792789354572526
6.16,0.00039619171991298773,0.017407437234579447
6.17,0.0004017176993367281,0.016905747903943943
6.180000000000001,0.0004073051329814281,0.01643085389718177
6.19,0.00041293728824948314,0.015990783557656072
6.2,0.00041859743254328986,0.015593565228729876
6.21,0.00042417103800035253,0.015429273203978577
6.220000000000001,0.00042974509427371106,0.015312856788661242
6.23,0.00043530879575151175,0.0152413112382493
6.24,0.0004408513368219024,0.015211631808214146
6.25,0.00044636191187303036,0.015220813754027188
6.260000000000001,0.0004518297152930434,0.01526585233115984
6.2700000000000005,0.00045724394147008784,0.015343742795083503
6.28,0.0004625937847923115,0.015451480401269584
6.29,0.00046786843964786176,0.015586060405189495
6.300000000000001,0.0004730571004248863,0.015744478062314656
6.3100000000000005,0.0004776360705774257,0.015825141393307565
6.32,0.0004821385197267703,0.015929607872376336
6.33,0.0004865847265601042,0.01606084773892019
6.340000000000001,0.0004909949697646117,0.01622183123233836
6.3500000000000005,0.0004953895280274763,0.016415528592030038
6.36,0.000499788680035882,0.016644910057394456
6.37,0.0005042127044770133,0.01691294586783083
6.38,0.0005086818800380539,0.017222606262738385
6.390000000000001,0.0005132164854061885,0.017576861481516368
6.4,0.0005178367992686001,0.017978681763563938
6.41,0.0005229020288208928,0.01865047193943986
6.42,0.0005280729831201086,0.019362468591252957
6.430000000000001,0.0005333493997317098,0.020104342892271636
6.44,0.0005387310162211569,0.0208657660157641
6.45,0.0005442175701539121,0.021636409134998758
6.46,0.0005498087990954371,0.022405943423243944
6.470000000000001,0.000555504440611194,0.02316404005376807
6.48,0.0005613042322666434,0.023900370199839337
6.49,0.0005672079116272475,0.024604605034726154
6.5,0.0005732152162584679,0.025266415731696856
6.510000000000001,0.0005800155355764252,0.02562924059751606
6.5200000000000005,0.0005868771582140635,0.025943906875986324
6.53,0.0005937580246549867,0.026215008944406558
6.54,0.0006006160753827986,0.02644714118007563
6.550000000000001,0.0006074092508811035,0.02664489796029242
6.5600000000000005,0.0006140954916335034,0.02681287366235577
6.57,0.0006206327381236027,0.026955662663564566
6.58,0.0006269789308350049,0.02707785934121768
6.590000000000001,0.0006330920102513142,0.02718405807261399
6.6000000000000005,0.0006389299168561329,0.02727885323505234
6.61,0.0006444505911330652,0.02736683920583162
6.62,0.0006496119735657147,0.027452610362250694
6.63,0.000654372004637685,0.027540761081608436
6.640000000000001,0.0006586886248325798,0.02763588574120372
6.65,0.0006625197746340022,0.0277425787183354
6.66,0.0006658233945255561,0.027865434390302354
6.67,0.0006685574249908448,0.028009047134403452
6.680000000000001,0.0006706798065134723,0.028178011327937583
6.69,0.0006721484795770417,0.02837692134820358
6.7,0.0006729213846651569,0.028610371572500334
