time,phosphorylation level
0.0,0.13691666666666666
0.1,0.14025
0.2,0.14425
0.30000000000000004,0.14883333333333335
0.4,0.15333333333333335
0.5,0.15666666666666668
0.6,0.1605
0.7,0.16425000000000003
0.7999999999999999,0.168
0.8999999999999999,0.1711666666666667
0.9999999999999999,0.17516666666666666
1.0999999999999999,0.1789166666666667
1.2,0.18083333333333335
1.3,0.1845
1.4000000000000001,0.18825
1.5000000000000002,0.192
1.6000000000000003,0.19575
1.7000000000000004,0.19933333333333333
1.8000000000000005,0.20325000000000001
1.9000000000000006,0.20633333333333334
2.0000000000000004,0.21066666666666664
2.1000000000000005,0.21308333333333337
2.2000000000000006,0.21716666666666667
2.3000000000000007,0.22058333333333335
2.400000000000001,0.22383333333333336
2.500000000000001,0.22616666666666668
2.600000000000001,0.22875000000000004
2.700000000000001,0.23083333333333333
2.800000000000001,0.23325000000000004
2.9000000000000012,0.23625
3.0000000000000013,0.23916666666666667
3.1000000000000014,0.24275000000000002
3.2000000000000015,0.24425
3.3000000000000016,0.24608333333333335
3.4000000000000017,0.24908333333333338
3.5000000000000018,0.25125
3.600000000000002,0.25458333333333333
3.700000000000002,0.25616666666666665
3.800000000000002,0.2589166666666667
3.900000000000002,0.26033333333333336
4.000000000000002,0.26258333333333334
4.100000000000001,0.26466666666666666
4.200000000000001,0.26575
4.300000000000001,0.26766666666666666
4.4,0.26975
4.5,0.272
4.6,0.2735833333333333
4.699999999999999,0.2753333333333333
4.799999999999999,0.2765
4.899999999999999,0.2783333333333334
4.999999999999998,0.2795833333333333
5.099999999999998,0.2811666666666667
5.1999999999999975,0.28225
5.299999999999997,0.2844166666666667
5.399999999999997,0.28558333333333336
5.4999999999999964,0.28641666666666665
5.599999999999996,0.28791666666666665
5.699999999999996,0.29058333333333336
5.799999999999995,0.29225
5.899999999999995,0.29333333333333333
5.999999999999995,0.29424999999999996
6.099999999999994,0.2961666666666667
6.199999999999994,0.29708333333333337
6.299999999999994,0.2975
6.399999999999993,0.298
6.499999999999993,0.3001666666666667
6.5999999999999925,0.3005833333333333
6.699999999999992,0.302
6.799999999999992,0.30333333333333334
6.8999999999999915,0.30441666666666667
6.999999999999991,0.30624999999999997
7.099999999999991,0.30741666666666667
7.19999999999999,0.3081666666666667
7.29999999999999,0.30825
7.39999999999999,0.3079166666666666
7.499999999999989,0.3090833333333333
7.599999999999989,0.3090833333333333
7.699999999999989,0.30825
7.799999999999988,0.309
7.899999999999988,0.3095
7.999999999999988,0.31033333333333335
8.099999999999987,0.311
8.199999999999987,0.31075
8.299999999999986,0.31124999999999997
8.399999999999986,0.3115833333333333
8.499999999999986,0.31183333333333335
8.599999999999985,0.312
8.699999999999985,0.31166666666666665
8.799999999999985,0.3110833333333333
8.899999999999984,0.311
8.999999999999984,0.31091666666666673
9.099999999999984,0.31183333333333335
9.199999999999983,0.3115
9.299999999999983,0.31033333333333335
9.399999999999983,0.3105833333333334
9.499999999999982,0.31000000000000005
9.599999999999982,0.3100833333333334
9.699999999999982,0.31016666666666665
9.799999999999981,0.30983333333333335
9.89999999999998,0.30933333333333335
9.99999999999998,0.309
10.09999999999998,0.3075833333333333
10.19999999999998,0.30683333333333335
10.29999999999998,0.3055
10.399999999999979,0.30591666666666667
10.499999999999979,0.30483333333333335
10.599999999999978,0.30358333333333337
10.699999999999978,0.3025833333333333
10.799999999999978,0.30108333333333337
10.899999999999977,0.3001666666666667
10.999999999999977,0.29966666666666664
11.099999999999977,0.29908333333333337
11.199999999999976,0.29816666666666664
11.299999999999976,0.2985
11.399999999999975,0.29825
11.499999999999975,0.2965833333333333
11.599999999999975,0.29491666666666666
11.699999999999974,0.29175
11.799999999999974,0.29075
11.899999999999974,0.2896666666666667
11.999999999999973,0.2868333333333334
12.099999999999973,0.28400000000000003
12.199999999999973,0.2808333333333333
12.299999999999972,0.2785
12.399999999999972,0.276
12.499999999999972,0.2733333333333333
12.599999999999971,0.27166666666666667
12.69999999999997,0.27
12.79999999999997,0.26733333333333337
12.89999999999997,0.2649166666666667
12.99999999999997,0.263
13.09999999999997,0.26
13.199999999999969,0.25708333333333333
13.299999999999969,0.25425
13.399999999999968,0.25066666666666665
13.499999999999968,0.24875
13.599999999999968,0.24658333333333335
13.699999999999967,0.24466666666666667
13.799999999999967,0.24224999999999997
13.899999999999967,0.24066666666666667
13.999999999999966,0.23883333333333334
14.099999999999966,0.23675000000000002
14.199999999999966,0.23508333333333337
14.299999999999965,0.23349999999999999
14.399999999999965,0.23108333333333334
14.499999999999964,0.22833333333333333
14.599999999999964,0.22666666666666668
14.699999999999964,0.2255
14.799999999999963,0.22341666666666665
14.899999999999963,0.22199999999999998
14.999999999999963,0.2195
15.099999999999962,0.21783333333333335
15.199999999999962,0.21575
15.299999999999962,0.2139166666666667
15.399999999999961,0.21283333333333335
15.499999999999961,0.21075000000000002
15.59999999999996,0.20891666666666667
15.69999999999996,0.20666666666666664
15.79999999999996,0.20383333333333334
15.89999999999996,0.20199999999999999
15.99999999999996,0.20033333333333334
16.09999999999996,0.19875
16.19999999999996,0.19733333333333336
16.29999999999996,0.19591666666666668
16.399999999999963,0.19366666666666665
16.499999999999964,0.19191666666666668
16.599999999999966,0.19033333333333333
16.699999999999967,0.18891666666666665
16.79999999999997,0.18708333333333335
16.89999999999997,0.18633333333333332
16.99999999999997,0.18483333333333332
17.099999999999973,0.18366666666666667
17.199999999999974,0.18241666666666667
17.299999999999976,0.18025000000000002
17.399999999999977,0.17883333333333332
17.49999999999998,0.17733333333333334
17.59999999999998,0.1755833333333333
17.69999999999998,0.17441666666666666
17.799999999999983,0.17358333333333334
17.899999999999984,0.1718333333333333
17.999999999999986,0.17074999999999999
18.099999999999987,0.16974999999999998
18.19999999999999,0.16824999999999998
18.29999999999999,0.16741666666666666
18.39999999999999,0.16641666666666666
18.499999999999993,0.16533333333333336
18.599999999999994,0.16416666666666668
18.699999999999996,0.16341666666666665
18.799999999999997,0.16258333333333333
18.9,0.16125
19.0,0.16058333333333336
19.1,0.15958333333333335
19.200000000000003,0.15841666666666668
19.300000000000004,0.15758333333333335
19.400000000000006,0.15608333333333335
19.500000000000007,0.15516666666666667
19.60000000000001,0.15450000000000003
19.70000000000001,0.1539166666666667
19.80000000000001,0.15308333333333335
19.900000000000013,0.15233333333333335
20.000000000000014,0.15016666666666667
20.100000000000016,0.14908333333333335
20.200000000000017,0.14808333333333334
20.30000000000002,0.14666666666666667
20.40000000000002,0.1456666666666667
20.50000000000002,0.145
20.600000000000023,0.14433333333333334
20.700000000000024,0.14383333333333334
20.800000000000026,0.14308333333333334
20.900000000000027,0.14191666666666666
21.00000000000003,0.14091666666666666
21.10000000000003,0.14058333333333334
21.20000000000003,0.13983333333333334
21.300000000000033,0.139
21.400000000000034,0.138
21.500000000000036,0.13716666666666666
21.600000000000037,0.13691666666666666
21.70000000000004,0.136
21.80000000000004,0.13483333333333333
21.90000000000004,0.13433333333333333
22.000000000000043,0.13341666666666668
22.100000000000044,0.13299999999999998
22.200000000000045,0.13308333333333336
22.300000000000047,0.13266666666666668
22.40000000000005,0.13216666666666665
22.50000000000005,0.13191666666666665
22.60000000000005,0.13133333333333333
22.700000000000053,0.13108333333333333
22.800000000000054,0.13058333333333336
22.900000000000055,0.13008333333333333
23.000000000000057,0.12983333333333333
23.10000000000006,0.12925
23.20000000000006,0.129
23.30000000000006,0.12858333333333336
23.400000000000063,0.12816666666666668
23.500000000000064,0.12783333333333333
23.600000000000065,0.12775
23.700000000000067,0.12733333333333333
23.800000000000068,0.12683333333333333
23.90000000000007,0.12633333333333333
24.00000000000007,0.12958333333333336
24.100000000000072,0.13308333333333333
24.200000000000074,0.13616666666666669
24.300000000000075,0.13975
24.400000000000077,0.1431666666666667
24.500000000000078,0.14658333333333334
24.60000000000008,0.15058333333333337
24.70000000000008,0.15558333333333335
24.800000000000082,0.15891666666666668
24.900000000000084,0.1625
25.000000000000085,0.16533333333333336
25.100000000000087,0.16816666666666666
25.200000000000088,0.17116666666666666
25.30000000000009,0.17375000000000002
25.40000000000009,0.17725
25.500000000000092,0.18058333333333335
25.600000000000094,0.18325
25.700000000000095,0.18550000000000003
25.800000000000097,0.18783333333333332
25.900000000000098,0.18991666666666668
26.0000000000001,0.19316666666666665
26.1000000000001,0.19558333333333333
26.200000000000102,0.19883333333333333
26.300000000000104,0.2021666666666667
26.400000000000105,0.2054166666666667
26.500000000000107,0.20725
26.600000000000108,0.20925
26.70000000000011,0.2115
26.80000000000011,0.21400000000000002
26.900000000000112,0.21575
27.000000000000114,0.21891666666666665
27.100000000000115,0.22016666666666665
27.200000000000117,0.22241666666666665
27.300000000000118,0.22558333333333333
27.40000000000012,0.22800000000000004
27.50000000000012,0.2319166666666667
27.600000000000122,0.23483333333333334
27.700000000000124,0.23825000000000002
27.800000000000125,0.23941666666666667
27.900000000000126,0.24233333333333335
28.000000000000128,0.2435
28.10000000000013,0.24566666666666667
28.20000000000013,0.24741666666666667
28.300000000000132,0.24933333333333332
28.400000000000134,0.2505833333333333
28.500000000000135,0.2520833333333333
28.600000000000136,0.25283333333333335
28.700000000000138,0.255
28.80000000000014,0.25725
28.90000000000014,0.2584166666666667
29.000000000000142,0.26016666666666666
29.100000000000144,0.26158333333333333
29.200000000000145,0.26366666666666666
29.300000000000146,0.2656666666666667
29.400000000000148,0.26775000000000004
29.50000000000015,0.26925
29.60000000000015,0.26941666666666664
29.700000000000152,0.26999999999999996
29.800000000000153,0.2711666666666666
29.900000000000155,0.27275
30.000000000000156,0.27508333333333335
30.100000000000158,0.2764166666666667
30.20000000000016,0.27758333333333335
30.30000000000016,0.2793333333333333
30.400000000000162,0.28125
30.500000000000163,0.2818333333333333
30.600000000000165,0.2838333333333333
30.700000000000166,0.28458333333333335
30.800000000000168,0.2856666666666667
30.90000000000017,0.28658333333333336
31.00000000000017,0.2866666666666666
31.100000000000172,0.28783333333333333
31.200000000000173,0.28874999999999995
31.300000000000175,0.28950000000000004
31.400000000000176,0.2898333333333334
31.500000000000178,0.2900833333333333
31.60000000000018,0.28941666666666666
31.70000000000018,0.28975
31.800000000000182,0.28924999999999995
31.900000000000183,0.28933333333333333
32.000000000000185,0.28975
32.100000000000186,0.28983333333333333
32.20000000000019,0.29050000000000004
32.30000000000019,0.2900833333333333
32.40000000000019,0.29025
32.50000000000019,0.2901666666666667
32.60000000000019,0.29000000000000004
32.700000000000195,0.28974999999999995
32.800000000000196,0.29025
32.9000000000002,0.29
33.0000000000002,0.29058333333333336
33.1000000000002,0.29191666666666666
33.2000000000002,0.2915
33.3000000000002,0.2915
33.400000000000205,0.2918333333333334
33.500000000000206,0.29125
33.60000000000021,0.29083333333333333
33.70000000000021,0.29041666666666666
33.80000000000021,0.289
33.90000000000021,0.28808333333333336
34.00000000000021,0.28791666666666665
34.100000000000215,0.2871666666666667
34.200000000000216,0.28550000000000003
34.30000000000022,0.285
34.40000000000022,0.28441666666666665
34.50000000000022,0.28275000000000006
34.60000000000022,0.2830833333333333
34.70000000000022,0.28200000000000003
34.800000000000225,0.2826666666666667
34.900000000000226,0.2814166666666667
35.00000000000023,0.2813333333333333
35.10000000000023,0.28025000000000005
35.20000000000023,0.27975
35.30000000000023,0.2785
35.40000000000023,0.2769166666666667
35.500000000000234,0.2753333333333333
35.600000000000236,0.27449999999999997
35.70000000000024,0.27291666666666664
35.80000000000024,0.27208333333333334
35.90000000000024,0.27158333333333334
36.00000000000024,0.26966666666666667
36.10000000000024,0.26708333333333334
36.200000000000244,0.26416666666666666
36.300000000000246,0.26241666666666663
36.40000000000025,0.26108333333333333
36.50000000000025,0.25883333333333336
36.60000000000025,0.25658333333333333
36.70000000000025,0.2540833333333333
36.80000000000025,0.2519166666666666
36.900000000000254,0.24933333333333335
37.000000000000256,0.24791666666666667
37.10000000000026,0.24600000000000002
37.20000000000026,0.24358333333333335
37.30000000000026,0.24175000000000002
37.40000000000026,0.24008333333333334
37.50000000000026,0.2379166666666667
37.600000000000264,0.23625000000000004
37.700000000000266,0.234
37.80000000000027,0.23241666666666666
37.90000000000027,0.23024999999999998
38.00000000000027,0.22791666666666668
38.10000000000027,0.22591666666666668
38.20000000000027,0.22416666666666665
38.300000000000274,0.222
38.400000000000276,0.22033333333333335
38.50000000000028,0.21825000000000003
38.60000000000028,0.21633333333333332
38.70000000000028,0.21458333333333335
38.80000000000028,0.21325000000000002
38.90000000000028,0.21191666666666667
39.000000000000284,0.21033333333333334
39.100000000000286,0.20841666666666667
39.20000000000029,0.2069166666666667
39.30000000000029,0.20475000000000002
39.40000000000029,0.20308333333333334
39.50000000000029,0.20158333333333334
39.60000000000029,0.19883333333333333
39.700000000000294,0.19725
39.800000000000296,0.19616666666666666
39.9000000000003,0.195
40.0000000000003,0.193
40.1000000000003,0.19183333333333333
40.2000000000003,0.1896666666666667
40.3000000000003,0.18808333333333332
40.400000000000304,0.18708333333333332
40.500000000000306,0.186
40.60000000000031,0.18525000000000003
40.70000000000031,0.18433333333333332
40.80000000000031,0.1831666666666667
40.90000000000031,0.18183333333333332
41.00000000000031,0.17975
41.100000000000314,0.17791666666666667
41.200000000000315,0.17683333333333334
41.30000000000032,0.17600000000000002
41.40000000000032,0.17458333333333334
41.50000000000032,0.17341666666666666
41.60000000000032,0.17275000000000004
41.70000000000032,0.17175
41.800000000000324,0.1704166666666667
41.900000000000325,0.169
42.00000000000033,0.1681666666666667
42.10000000000033,0.16725
42.20000000000033,0.16583333333333333
42.30000000000033,0.16416666666666668
42.40000000000033,0.16333333333333336
42.500000000000334,0.16225
42.600000000000335,0.16116666666666668
42.70000000000034,0.16008333333333333
42.80000000000034,0.15908333333333333
42.90000000000034,0.158
43.00000000000034,0.15641666666666668
43.10000000000034,0.15508333333333335
43.200000000000344,0.15391666666666667
43.300000000000345,0.15325
43.40000000000035,0.15258333333333335
43.50000000000035,0.15158333333333335
43.60000000000035,0.1504166666666667
43.70000000000035,0.15016666666666667
43.80000000000035,0.14941666666666667
43.900000000000354,0.149
44.000000000000355,0.1485
44.10000000000036,0.14791666666666667
44.20000000000036,0.1471666666666667
44.30000000000036,0.14633333333333334
44.40000000000036,0.14550000000000002
44.50000000000036,0.14458333333333334
44.600000000000364,0.14383333333333334
44.700000000000365,0.1425833333333333
44.80000000000037,0.1415833333333333
44.90000000000037,0.14116666666666666
45.00000000000037,0.1406666666666667
45.10000000000037,0.14
45.20000000000037,0.13866666666666666
45.300000000000374,0.13808333333333334
45.400000000000375,0.13783333333333334
45.50000000000038,0.13758333333333336
45.60000000000038,0.1371666666666667
45.70000000000038,0.13633333333333333
45.80000000000038,0.13541666666666666
45.90000000000038,0.135
46.000000000000384,0.13425
46.100000000000385,0.13383333333333333
46.20000000000039,0.1335
46.30000000000039,0.13283333333333336
46.40000000000039,0.13216666666666665
46.50000000000039,0.13183333333333336
46.60000000000039,0.13133333333333336
46.700000000000394,0.13083333333333336
46.800000000000395,0.13058333333333333
46.9000000000004,0.13008333333333333
47.0000000000004,0.13
47.1000000000004,0.12975000000000003
47.2000000000004,0.12924999999999998
47.3000000000004,0.12875
47.400000000000404,0.12841666666666668
47.500000000000405,0.12783333333333335
47.600000000000406,0.12766666666666665
47.70000000000041,0.12766666666666668
47.80000000000041,0.12733333333333333
47.90000000000041,0.12725
48.00000000000041,0.12975
48.10000000000041,0.1323333333333333
48.200000000000415,0.13591666666666666
48.300000000000416,0.1395
48.40000000000042,0.14258333333333337
48.50000000000042,0.14600000000000002
48.60000000000042,0.1501666666666667
48.70000000000042,0.153
48.80000000000042,0.15625
48.900000000000425,0.16016666666666668
49.000000000000426,0.16316666666666668
49.10000000000043,0.16708333333333333
49.20000000000043,0.17075
49.30000000000043,0.17391666666666666
49.40000000000043,0.17616666666666667
49.50000000000043,0.17958333333333334
49.600000000000435,0.18225
49.700000000000436,0.1859166666666667
49.80000000000044,0.18941666666666665
49.90000000000044,0.19233333333333336
50.00000000000044,0.19533333333333336
50.10000000000044,0.19816666666666669
50.20000000000044,0.20091666666666666
50.300000000000445,0.20491666666666666
50.400000000000446,0.20691666666666664
50.50000000000045,0.20966666666666667
50.60000000000045,0.21275
50.70000000000045,0.21558333333333332
50.80000000000045,0.21808333333333335
50.90000000000045,0.22083333333333335
51.000000000000455,0.22250000000000003
51.100000000000456,0.22458333333333336
51.20000000000046,0.2275833333333333
51.30000000000046,0.23016666666666669
51.40000000000046,0.2340833333333333
51.50000000000046,0.2365833333333333
51.60000000000046,0.2384166666666667
51.700000000000465,0.24025
51.800000000000466,0.24175000000000002
51.90000000000047,0.24366666666666667
52.00000000000047,0.24491666666666667
52.10000000000047,0.24666666666666667
52.20000000000047,0.24891666666666667
52.30000000000047,0.25125
52.400000000000475,0.2534166666666666
52.500000000000476,0.25608333333333333
52.60000000000048,0.2574166666666667
52.70000000000048,0.2610833333333334
52.80000000000048,0.26375
52.90000000000048,0.2655
53.00000000000048,0.2675
53.100000000000485,0.27008333333333334
53.200000000000486,0.27149999999999996
53.30000000000049,0.27283333333333337
53.40000000000049,0.27416666666666667
53.50000000000049,0.27425
53.60000000000049,0.2768333333333334
53.70000000000049,0.27849999999999997
53.800000000000495,0.27908333333333335
53.900000000000496,0.27991666666666665
54.0000000000005,0.2810833333333333
54.1000000000005,0.2829166666666667
54.2000000000005,0.2835
54.3000000000005,0.2853333333333333
54.4000000000005,0.28700000000000003
54.500000000000504,0.2866666666666667
54.600000000000506,0.288
54.70000000000051,0.2891666666666667
54.80000000000051,0.2906666666666667
54.90000000000051,0.29191666666666666
55.00000000000051,0.293
55.10000000000051,0.29400000000000004
55.200000000000514,0.2951666666666667
55.300000000000516,0.29666666666666663
55.40000000000052,0.29591666666666666
55.50000000000052,0.2971666666666667
55.60000000000052,0.2991666666666667
55.70000000000052,0.29975
55.80000000000052,0.29908333333333337
55.900000000000524,0.29933333333333334
56.000000000000526,0.30041666666666667
56.10000000000053,0.30091666666666667
56.20000000000053,0.30133333333333334
56.30000000000053,0.3025
56.40000000000053,0.30375
56.50000000000053,0.30341666666666667
56.600000000000534,0.30375
56.700000000000536,0.3046666666666667
56.80000000000054,0.30574999999999997
56.90000000000054,0.3055833333333333
57.00000000000054,0.3068333333333333
57.10000000000054,0.3065833333333333
57.20000000000054,0.30650000000000005
57.300000000000544,0.30766666666666664
57.400000000000546,0.3084166666666667
57.50000000000055,0.3086666666666667
57.60000000000055,0.30933333333333335
57.70000000000055,0.3090833333333333
57.80000000000055,0.3094166666666667
57.90000000000055,0.30966666666666665
58.000000000000554,0.30866666666666664
58.100000000000556,0.30916666666666665
58.20000000000056,0.3086666666666667
58.30000000000056,0.30841666666666673
58.40000000000056,0.3084166666666667
58.50000000000056,0.30700000000000005
58.60000000000056,0.30541666666666667
58.700000000000564,0.305
58.800000000000566,0.3044166666666667
58.90000000000057,0.3029166666666667
59.00000000000057,0.303
59.10000000000057,0.30208333333333337
59.20000000000057,0.3021666666666667
59.30000000000057,0.3004166666666667
59.400000000000574,0.2995
59.500000000000576,0.2981666666666667
59.60000000000058,0.2966666666666667
59.70000000000058,0.29608333333333337
59.80000000000058,0.29475
59.90000000000058,0.29425
60.00000000000058,0.2916666666666667
60.100000000000584,0.28925
60.200000000000585,0.2865
60.30000000000059,0.28491666666666665
60.40000000000059,0.28258333333333335
60.50000000000059,0.281
60.60000000000059,0.2781666666666667
60.70000000000059,0.27591666666666664
60.800000000000594,0.273
60.900000000000595,0.27058333333333334
61.0000000000006,0.26766666666666666
61.1000000000006,0.26625000000000004
61.2000000000006,0.26366666666666666
61.3000000000006,0.2619166666666667
61.4000000000006,0.2599166666666667
61.500000000000604,0.2574166666666667
61.600000000000605,0.255
61.70000000000061,0.2519166666666667
61.80000000000061,0.2505833333333333
61.90000000000061,0.24850000000000003
62.00000000000061,0.24625
62.10000000000061,0.24341666666666667
62.200000000000614,0.241
62.300000000000615,0.23841666666666667
62.40000000000062,0.23675000000000002
62.50000000000062,0.2351666666666667
62.60000000000062,0.23325
62.70000000000062,0.23199999999999998
62.80000000000062,0.22991666666666666
62.900000000000624,0.22833333333333336
63.000000000000625,0.2265
63.10000000000063,0.2248333333333333
63.20000000000063,0.22358333333333336
63.30000000000063,0.222
63.40000000000063,0.22016666666666668
63.50000000000063,0.21750000000000003
63.600000000000634,0.21575
63.700000000000635,0.21375
63.80000000000064,0.21225000000000002
63.90000000000064,0.21058333333333334
64.00000000000064,0.20850000000000002
64.10000000000063,0.20583333333333334
64.20000000000063,0.20375000000000001
64.30000000000062,0.20158333333333334
64.40000000000062,0.19866666666666669
64.50000000000061,0.19699999999999998
64.6000000000006,0.19525
64.7000000000006,0.1933333333333333
64.8000000000006,0.19166666666666665
64.90000000000059,0.18974999999999997
65.00000000000058,0.1879166666666667
65.10000000000058,0.18600000000000003
65.20000000000057,0.1845
65.30000000000057,0.18258333333333332
65.40000000000056,0.18133333333333335
65.50000000000055,0.1804166666666667
65.60000000000055,0.17916666666666667
65.70000000000054,0.17758333333333334
65.80000000000054,0.17566666666666667
65.90000000000053,0.174
66.00000000000053,0.173
66.10000000000052,0.17208333333333334
66.20000000000051,0.17124999999999999
66.30000000000051,0.17016666666666666
66.4000000000005,0.16858333333333336
66.5000000000005,0.16716666666666666
66.60000000000049,0.16624999999999998
66.70000000000049,0.16466666666666666
66.80000000000048,0.16266666666666665
66.90000000000047,0.16141666666666668
67.00000000000047,0.16058333333333333
67.10000000000046,0.15916666666666668
67.20000000000046,0.15825
67.30000000000045,0.15750000000000003
67.40000000000045,0.15625
67.50000000000044,0.15441666666666667
67.60000000000043,0.15300000000000002
67.70000000000043,0.15158333333333335
67.80000000000042,0.1505
67.90000000000042,0.149
68.00000000000041,0.14791666666666667
68.1000000000004,0.147
68.2000000000004,0.14633333333333334
68.3000000000004,0.14558333333333331
68.40000000000039,0.14491666666666667
68.50000000000038,0.1435
68.60000000000038,0.14241666666666666
68.70000000000037,0.14100000000000001
68.80000000000037,0.13966666666666666
68.90000000000036,0.13925
69.00000000000036,0.1379166666666667
69.10000000000035,0.13725
69.20000000000034,0.13616666666666669
69.30000000000034,0.1355
69.40000000000033,0.13475
69.50000000000033,0.13458333333333336
69.60000000000032,0.134
69.70000000000032,0.13366666666666668
69.80000000000031,0.13341666666666668
69.9000000000003,0.13275
70.0000000000003,0.1315
70.10000000000029,0.13116666666666668
70.20000000000029,0.1301666666666667
70.30000000000028,0.12958333333333336
70.40000000000028,0.12875000000000003
70.50000000000027,0.12833333333333333
70.60000000000026,0.12808333333333333
70.70000000000026,0.12775
70.80000000000025,0.12741666666666668
70.90000000000025,0.127
71.00000000000024,0.12658333333333333
71.10000000000024,0.12650000000000003
71.20000000000023,0.12633333333333333
71.30000000000022,0.12583333333333332
71.40000000000022,0.12541666666666668
71.50000000000021,0.12491666666666666
71.60000000000021,0.12474999999999999
71.7000000000002,0.12433333333333334
71.8000000000002,0.12391666666666666
71.90000000000019,0.1235
72.00000000000018,0.12683333333333333
72.10000000000018,0.1295
72.20000000000017,0.13225
72.30000000000017,0.13491666666666668
72.40000000000016,0.13641666666666669
72.50000000000016,0.13883333333333336
72.60000000000015,0.14075000000000001
72.70000000000014,0.14383333333333334
72.80000000000014,0.14716666666666667
72.90000000000013,0.15016666666666667
73.00000000000013,0.15383333333333332
73.10000000000012,0.15683333333333332
73.20000000000012,0.15991666666666665
73.30000000000011,0.16225
73.4000000000001,0.16491666666666668
73.5000000000001,0.16666666666666669
73.6000000000001,0.16958333333333336
73.70000000000009,0.172
73.80000000000008,0.17550000000000002
73.90000000000008,0.17808333333333334
74.00000000000007,0.18041666666666667
74.10000000000007,0.18258333333333332
74.20000000000006,0.18508333333333335
74.30000000000005,0.18766666666666668
74.40000000000005,0.1896666666666667
74.50000000000004,0.19283333333333333
74.60000000000004,0.19566666666666668
74.70000000000003,0.19766666666666666
74.80000000000003,0.2008333333333333
74.90000000000002,0.20358333333333334
75.00000000000001,0.20708333333333334
75.10000000000001,0.209
75.2,0.21066666666666667
75.3,0.21308333333333335
75.39999999999999,0.21575
75.49999999999999,0.21858333333333335
75.59999999999998,0.22016666666666668
75.69999999999997,0.22199999999999998
75.79999999999997,0.22325
75.89999999999996,0.22533333333333333
75.99999999999996,0.22808333333333333
76.09999999999995,0.2305
76.19999999999995,0.23241666666666666
76.29999999999994,0.2336666666666667
76.39999999999993,0.23625000000000002
76.49999999999993,0.23808333333333337
76.59999999999992,0.23966666666666667
76.69999999999992,0.24225
76.79999999999991,0.24433333333333335
76.8999999999999,0.24608333333333332
76.9999999999999,0.24725
77.0999999999999,0.24883333333333332
77.19999999999989,0.2503333333333333
77.29999999999988,0.2515833333333333
77.39999999999988,0.2524166666666667
77.49999999999987,0.2541666666666667
77.59999999999987,0.2558333333333333
77.69999999999986,0.25650000000000006
77.79999999999986,0.25766666666666665
77.89999999999985,0.2595833333333334
77.99999999999984,0.2605
78.09999999999984,0.26225
78.19999999999983,0.26375000000000004
78.29999999999983,0.26508333333333334
78.39999999999982,0.26658333333333334
78.49999999999982,0.2680833333333333
78.59999999999981,0.27
78.6999999999998,0.2715
78.7999999999998,0.27258333333333334
78.89999999999979,0.27325
78.99999999999979,0.2743333333333333
79.09999999999978,0.2758333333333333
79.19999999999978,0.27525
79.29999999999977,0.27575
79.39999999999976,0.27725000000000005
79.49999999999976,0.27808333333333335
79.59999999999975,0.278
79.69999999999975,0.27825
79.79999999999974,0.27825
79.89999999999974,0.2795833333333334
79.99999999999973,0.28008333333333335
80.09999999999972,0.27975
80.19999999999972,0.2798333333333334
80.29999999999971,0.2801666666666667
80.39999999999971,0.2806666666666667
80.4999999999997,0.2811666666666667
80.5999999999997,0.28175
80.69999999999969,0.28141666666666665
80.79999999999968,0.2821666666666667
80.89999999999968,0.28258333333333335
80.99999999999967,0.28225
81.09999999999967,0.28241666666666665
81.19999999999966,0.2828333333333333
81.29999999999966,0.2824166666666667
81.39999999999965,0.28258333333333335
81.49999999999964,0.28350000000000003
81.59999999999964,0.2829166666666667
81.69999999999963,0.283
81.79999999999963,0.2816666666666667
81.89999999999962,0.28191666666666665
81.99999999999962,0.28175
82.09999999999961,0.28058333333333335
82.1999999999996,0.2800833333333333
82.2999999999996,0.27975000000000005
82.3999999999996,0.28
82.49999999999959,0.2805
82.59999999999958,0.27941666666666665
82.69999999999958,0.2791666666666667
82.79999999999957,0.27958333333333335
82.89999999999957,0.2791666666666667
82.99999999999956,0.2791666666666667
83.09999999999955,0.27825
83.19999999999955,0.2779166666666667
83.29999999999954,0.2781666666666667
83.39999999999954,0.2769166666666667
83.49999999999953,0.27466666666666667
83.59999999999953,0.27324999999999994
83.69999999999952,0.2718333333333333
83.79999999999951,0.27116666666666667
83.89999999999951,0.27041666666666664
83.9999999999995,0.26749999999999996
84.0999999999995,0.26558333333333334
84.19999999999949,0.2630833333333333
84.29999999999949,0.2613333333333333
84.39999999999948,0.2604166666666667
84.49999999999947,0.25925
84.59999999999947,0.2574166666666667
84.69999999999946,0.2549166666666667
84.79999999999946,0.25275000000000003
84.89999999999945,0.25183333333333335
84.99999999999945,0.25025
85.09999999999944,0.2481666666666667
85.19999999999943,0.24633333333333335
85.29999999999943,0.24441666666666667
85.39999999999942,0.24250000000000002
85.49999999999942,0.23966666666666664
85.59999999999941,0.238
85.6999999999994,0.23575
85.7999999999994,0.23416666666666666
85.8999999999994,0.2326666666666667
85.99999999999939,0.23074999999999998
86.09999999999938,0.22933333333333336
86.19999999999938,0.22749999999999998
86.29999999999937,0.22641666666666668
86.39999999999937,0.22458333333333333
86.49999999999936,0.22249999999999998
86.59999999999935,0.21958333333333332
86.69999999999935,0.2175
86.79999999999934,0.216
86.89999999999934,0.21475000000000002
86.99999999999933,0.21308333333333335
87.09999999999933,0.21066666666666667
87.19999999999932,0.20916666666666667
87.29999999999932,0.20766666666666667
87.39999999999931,0.20583333333333337
87.4999999999993,0.20425000000000001
87.5999999999993,0.2025
87.69999999999929,0.20116666666666663
87.79999999999929,0.20008333333333334
87.89999999999928,0.1985
87.99999999999928,0.19683333333333333
88.09999999999927,0.1956666666666667
88.19999999999926,0.19408333333333333
88.29999999999926,0.19241666666666668
88.39999999999925,0.19108333333333336
88.49999999999925,0.19000000000000003
88.59999999999924,0.18858333333333335
88.69999999999924,0.18758333333333332
88.79999999999923,0.18641666666666667
88.89999999999922,0.18525
88.99999999999922,0.18350000000000002
89.09999999999921,0.18258333333333335
89.1999999999992,0.1816666666666667
89.2999999999992,0.18041666666666667
89.3999999999992,0.17941666666666667
89.49999999999919,0.17825000000000002
89.59999999999918,0.17675
89.69999999999918,0.1753333333333333
89.79999999999917,0.17466666666666666
89.89999999999917,0.17375
89.99999999999916,0.1729166666666667
90.09999999999916,0.17200000000000001
90.19999999999915,0.17166666666666666
90.29999999999914,0.17074999999999999
90.39999999999914,0.1701666666666667
90.49999999999913,0.16933333333333334
90.59999999999913,0.1689166666666667
90.69999999999912,0.16725
90.79999999999912,0.16591666666666668
90.89999999999911,0.1645
90.9999999999991,0.16441666666666666
91.0999999999991,0.1635
91.1999999999991,0.16233333333333333
91.29999999999909,0.16108333333333336
91.39999999999908,0.1604166666666667
91.49999999999908,0.15966666666666668
91.59999999999907,0.15858333333333335
91.69999999999906,0.15775
91.79999999999906,0.15641666666666668
91.89999999999905,0.15483333333333335
91.99999999999905,0.15416666666666667
92.09999999999904,0.153
92.19999999999904,0.15225
92.29999999999903,0.151
92.39999999999903,0.15016666666666667
92.49999999999902,0.14933333333333335
92.59999999999901,0.14875000000000002
92.69999999999901,0.14808333333333337
92.799999999999,0.14725
92.899999999999,0.1466666666666667
92.99999999999899,0.14625000000000002
93.09999999999899,0.14508333333333334
93.19999999999898,0.14416666666666667
93.29999999999897,0.143
93.39999999999897,0.14316666666666666
93.49999999999896,0.1425
93.59999999999896,0.14183333333333334
93.69999999999895,0.14133333333333334
93.79999999999895,0.14133333333333334
93.89999999999894,0.1406666666666667
93.99999999999893,0.1400833333333333
94.09999999999893,0.13933333333333334
94.19999999999892,0.13874999999999998
94.29999999999892,0.13858333333333334
94.39999999999891,0.1381666666666667
94.4999999999989,0.13783333333333334
94.5999999999989,0.13716666666666666
94.6999999999989,0.137
94.79999999999889,0.13625
94.89999999999888,0.13608333333333336
94.99999999999888,0.13541666666666669
95.09999999999887,0.13491666666666668
95.19999999999887,0.13441666666666668
95.29999999999886,0.1335
95.39999999999885,0.13325
95.49999999999885,0.133
95.59999999999884,0.13258333333333333
95.69999999999884,0.1323333333333333
95.79999999999883,0.13166666666666665
95.89999999999883,0.13108333333333333
95.99999999999882,0.13566666666666666
96.09999999999881,0.1389166666666667
96.19999999999881,0.14241666666666666
96.2999999999988,0.14566666666666667
96.3999999999988,0.14800000000000002
96.49999999999879,0.15075000000000002
96.59999999999879,0.15308333333333332
96.69999999999878,0.15616666666666668
96.79999999999878,0.15808333333333335
96.89999999999877,0.16158333333333333
96.99999999999876,0.16525
97.09999999999876,0.1678333333333333
97.19999999999875,0.17124999999999999
97.29999999999875,0.17491666666666666
97.39999999999874,0.17841666666666667
97.49999999999874,0.18208333333333335
97.59999999999873,0.18425
97.69999999999872,0.18625000000000003
97.79999999999872,0.1885
97.89999999999871,0.19075
97.9999999999987,0.19349999999999998
98.0999999999987,0.19591666666666666
98.1999999999987,0.1985
98.29999999999869,0.20224999999999999
98.39999999999868,0.2054166666666667
98.49999999999868,0.20725000000000002
98.59999999999867,0.21041666666666664
98.69999999999867,0.2134166666666667
98.79999999999866,0.21508333333333335
98.89999999999866,0.218
98.99999999999865,0.22066666666666668
99.09999999999864,0.22391666666666665
99.19999999999864,0.22708333333333333
99.29999999999863,0.22966666666666669
99.39999999999863,0.23233333333333334
99.49999999999862,0.23450000000000001
99.59999999999862,0.23741666666666666
99.69999999999861,0.2411666666666667
99.7999999999986,0.24275
99.8999999999986,0.24575000000000002
99.9999999999986,0.24775000000000003
100.09999999999859,0.2501666666666667
100.19999999999858,0.253
100.29999999999858,0.2553333333333333
100.39999999999857,0.258
100.49999999999856,0.2605
100.59999999999856,0.2625
100.69999999999855,0.26425000000000004
100.79999999999855,0.26616666666666666
100.89999999999854,0.268
100.99999999999854,0.26975000000000005
101.09999999999853,0.27075000000000005
101.19999999999852,0.27291666666666664
101.29999999999852,0.2743333333333333
101.39999999999851,0.2764166666666667
101.49999999999851,0.2783333333333333
101.5999999999985,0.2801666666666667
101.6999999999985,0.28141666666666665
101.79999999999849,0.28325
101.89999999999849,0.2845833333333333
101.99999999999848,0.2861666666666667
102.09999999999847,0.28741666666666665
102.19999999999847,0.28833333333333333
102.29999999999846,0.28966666666666663
102.39999999999846,0.2911666666666667
102.49999999999845,0.29175
102.59999999999845,0.294
102.69999999999844,0.29516666666666663
102.79999999999843,0.2956666666666667
102.89999999999843,0.2955833333333333
102.99999999999842,0.29783333333333334
103.09999999999842,0.29924999999999996
103.19999999999841,0.2991666666666667
103.2999999999984,0.2999166666666667
103.3999999999984,0.30033333333333334
103.4999999999984,0.30150000000000005
103.59999999999839,0.3011666666666667
103.69999999999838,0.3014166666666667
103.79999999999838,0.30125
103.89999999999837,0.3015
103.99999999999837,0.30274999999999996
104.09999999999836,0.3035
104.19999999999835,0.3051666666666667
104.29999999999835,0.3061666666666667
104.39999999999834,0.30666666666666664
104.49999999999834,0.3080833333333334
104.59999999999833,0.30925
104.69999999999833,0.30841666666666673
104.79999999999832,0.3095833333333334
104.89999999999831,0.30866666666666664
104.99999999999831,0.3078333333333333
105.0999999999983,0.308
105.1999999999983,0.30666666666666664
105.29999999999829,0.30650000000000005
105.39999999999829,0.30591666666666667
105.49999999999828,0.30583333333333335
105.59999999999827,0.3055833333333333
105.69999999999827,0.30533333333333335
105.79999999999826,0.30533333333333335
105.89999999999826,0.3060833333333333
105.99999999999825,0.3055833333333333
106.09999999999825,0.30466666666666675
106.19999999999824,0.30433333333333334
106.29999999999824,0.30291666666666667
106.39999999999823,0.30233333333333334
106.49999999999822,0.30250000000000005
106.59999999999822,0.30233333333333334
106.69999999999821,0.3029166666666667
106.7999999999982,0.30250000000000005
106.8999999999982,0.3026666666666667
106.9999999999982,0.3021666666666667
107.09999999999819,0.30241666666666667
107.19999999999818,0.30124999999999996
107.29999999999818,0.3004166666666667
107.39999999999817,0.299
107.49999999999817,0.29841666666666666
107.59999999999816,0.29758333333333337
107.69999999999816,0.2960833333333333
107.79999999999815,0.29483333333333334
107.89999999999814,0.2940833333333333
107.99999999999814,0.2919166666666667
108.09999999999813,0.28983333333333333
108.19999999999813,0.28741666666666665
108.29999999999812,0.2849166666666667
108.39999999999812,0.2821666666666667
108.49999999999811,0.2798333333333334
108.5999999999981,0.27675
108.6999999999981,0.2745
108.7999999999981,0.2725000000000001
108.89999999999809,0.2699166666666667
108.99999999999808,0.2685
109.09999999999808,0.2665
109.19999999999807,0.2635
109.29999999999806,0.26166666666666666
109.39999999999806,0.25925000000000004
109.49999999999805,0.2574166666666667
109.59999999999805,0.25508333333333333
109.69999999999804,0.2536666666666667
109.79999999999804,0.2511666666666667
109.89999999999803,0.24833333333333335
109.99999999999802,0.24658333333333332
110.09999999999802,0.2446666666666667
110.19999999999801,0.24300000000000002
110.29999999999801,0.24175000000000002
110.399999999998,0.24016666666666667
110.499999999998,0.23858333333333337
110.59999999999799,0.23708333333333337
110.69999999999798,0.2350833333333333
110.79999999999798,0.23325
110.89999999999797,0.23133333333333334
110.99999999999797,0.22975
111.09999999999796,0.22758333333333333
111.19999999999796,0.2255
111.29999999999795,0.22425
111.39999999999795,0.22216666666666668
111.49999999999794,0.21975
111.59999999999793,0.21725
111.69999999999793,0.21583333333333332
111.79999999999792,0.21383333333333335
111.89999999999792,0.21258333333333332
111.99999999999791,0.21116666666666667
112.0999999999979,0.20891666666666664
112.1999999999979,0.20725000000000002
112.2999999999979,0.2055833333333333
112.39999999999789,0.20400000000000004
112.49999999999788,0.20233333333333334
112.59999999999788,0.2011666666666667
112.69999999999787,0.19883333333333336
112.79999999999787,0.197
112.89999999999786,0.19508333333333333
112.99999999999785,0.19425
113.09999999999785,0.19291666666666665
113.19999999999784,0.19083333333333335
113.29999999999784,0.18974999999999997
113.39999999999783,0.18841666666666668
113.49999999999783,0.18725000000000003
113.59999999999782,0.18583333333333335
113.69999999999781,0.18425000000000002
113.79999999999781,0.18283333333333335
113.8999999999978,0.18116666666666667
113.9999999999978,0.18008333333333335
114.09999999999779,0.17908333333333334
114.19999999999779,0.1775
114.29999999999778,0.1766666666666667
114.39999999999777,0.17533333333333334
114.49999999999777,0.17425000000000002
114.59999999999776,0.17233333333333334
114.69999999999776,0.17091666666666666
114.79999999999775,0.16958333333333336
114.89999999999775,0.16833333333333333
114.99999999999774,0.16699999999999998
115.09999999999773,0.16591666666666666
115.19999999999773,0.16516666666666668
115.29999999999772,0.16375
115.39999999999772,0.16283333333333333
115.49999999999771,0.16183333333333333
115.5999999999977,0.16091666666666665
115.6999999999977,0.15983333333333333
115.7999999999977,0.15858333333333333
115.89999999999769,0.15716666666666668
115.99999999999768,0.156
116.09999999999768,0.15491666666666667
116.19999999999767,0.15358333333333335
116.29999999999767,0.1516666666666667
116.39999999999766,0.15083333333333335
116.49999999999766,0.15
116.59999999999765,0.14916666666666667
116.69999999999764,0.14808333333333334
116.79999999999764,0.147
116.89999999999763,0.146
116.99999999999763,0.14558333333333334
117.09999999999762,0.14491666666666667
117.19999999999762,0.14441666666666667
117.29999999999761,0.14350000000000002
117.3999999999976,0.14250000000000002
117.4999999999976,0.14183333333333334
117.59999999999759,0.14133333333333337
117.69999999999759,0.14075000000000001
117.79999999999758,0.13958333333333336
117.89999999999758,0.1384166666666667
117.99999999999757,0.13808333333333336
118.09999999999756,0.13683333333333333
118.19999999999756,0.13608333333333333
118.29999999999755,0.1355
118.39999999999755,0.13499999999999998
118.49999999999754,0.13475
118.59999999999754,0.13375
118.69999999999753,0.13308333333333333
118.79999999999752,0.13241666666666665
118.89999999999752,0.13158333333333336
118.99999999999751,0.13091666666666668
119.09999999999751,0.13066666666666668
119.1999999999975,0.13
119.2999999999975,0.12983333333333336
119.39999999999749,0.12933333333333333
119.49999999999748,0.12866666666666665
119.59999999999748,0.12816666666666668
119.69999999999747,0.12775
119.79999999999747,0.12741666666666668
119.89999999999746,0.12683333333333335
119.99999999999746,0.13058333333333333
120.09999999999745,0.13275
120.19999999999744,0.13574999999999998
120.29999999999744,0.13875
120.39999999999743,0.14058333333333334
120.49999999999743,0.14241666666666666
120.59999999999742,0.14591666666666667
120.69999999999742,0.14933333333333335
120.79999999999741,0.15216666666666667
120.8999999999974,0.15591666666666668
120.9999999999974,0.15841666666666665
121.0999999999974,0.15991666666666665
121.19999999999739,0.16225
121.29999999999738,0.16524999999999998
121.39999999999738,0.16883333333333336
121.49999999999737,0.17141666666666666
121.59999999999737,0.174
121.69999999999736,0.17725
121.79999999999735,0.18083333333333335
121.89999999999735,0.18408333333333332
121.99999999999734,0.18691666666666668
122.09999999999734,0.19008333333333335
122.19999999999733,0.1925
122.29999999999733,0.19525
122.39999999999732,0.19791666666666669
122.49999999999731,0.20075
122.59999999999731,0.2041666666666667
122.6999999999973,0.20583333333333334
122.7999999999973,0.20850000000000002
122.89999999999729,0.21175000000000002
122.99999999999729,0.21358333333333335
123.09999999999728,0.21591666666666665
123.19999999999727,0.21766666666666667
123.29999999999727,0.2201666666666667
123.39999999999726,0.22275
123.49999999999726,0.225
123.59999999999725,0.22825
123.69999999999725,0.22975
123.79999999999724,0.23099999999999998
123.89999999999723,0.23299999999999998
123.99999999999723,0.2345
124.09999999999722,0.23783333333333334
124.19999999999722,0.2395
124.29999999999721,0.24083333333333337
124.3999999999972,0.242
124.4999999999972,0.24333333333333335
124.5999999999972,0.24508333333333338
124.69999999999719,0.24775000000000003
124.79999999999718,0.2505833333333333
124.89999999999718,0.25125000000000003
124.99999999999717,0.2534166666666667
125.09999999999717,0.2555
125.19999999999716,0.25708333333333333
125.29999999999715,0.2590833333333334
125.39999999999715,0.26108333333333333
125.49999999999714,0.26225
125.59999999999714,0.26425
125.69999999999713,0.26608333333333334
125.79999999999713,0.2669166666666667
125.89999999999712,0.26741666666666664
125.99999999999712,0.26825
126.09999999999711,0.26875
126.1999999999971,0.27
126.2999999999971,0.2709166666666667
126.39999999999709,0.2716666666666667
126.49999999999709,0.27375000000000005
126.59999999999708,0.27416666666666667
126.69999999999708,0.27575
126.79999999999707,0.276
126.89999999999706,0.27758333333333335
126.99999999999706,0.27699999999999997
127.09999999999705,0.2778333333333334
127.19999999999705,0.2785
127.29999999999704,0.279
127.39999999999704,0.2793333333333333
127.49999999999703,0.27991666666666665
127.59999999999702,0.28091666666666665
127.69999999999702,0.28200000000000003
127.79999999999701,0.28300000000000003
127.89999999999701,0.28375
127.999999999997,0.2838333333333334
128.099999999997,0.2838333333333333
128.199999999997,0.2841666666666667
128.299999999997,0.2840833333333333
128.399999999997,0.28500000000000003
128.499999999997,0.2846666666666667
128.59999999999698,0.28408333333333335
128.69999999999698,0.28408333333333335
128.79999999999697,0.28441666666666665
128.89999999999696,0.2844166666666667
128.99999999999696,0.2841666666666667
129.09999999999695,0.2848333333333333
129.19999999999695,0.28475
129.29999999999694,0.2839166666666667
129.39999999999694,0.2831666666666667
129.49999999999693,0.2823333333333333
129.59999999999692,0.2818333333333333
129.69999999999692,0.2821666666666667
129.7999999999969,0.28108333333333335
129.8999999999969,0.27958333333333335
129.9999999999969,0.27858333333333335
130.0999999999969,0.2775
130.1999999999969,0.2764166666666667
130.29999999999688,0.2763333333333333
130.39999999999688,0.276
130.49999999999687,0.276
130.59999999999687,0.27516666666666667
130.69999999999686,0.274
130.79999999999686,0.272
130.89999999999685,0.27133333333333337
130.99999999999685,0.27083333333333337
131.09999999999684,0.2708333333333333
131.19999999999683,0.2704166666666667
131.29999999999683,0.2695
131.39999999999682,0.26916666666666667
131.49999999999682,0.268
131.5999999999968,0.267
131.6999999999968,0.2654166666666667
131.7999999999968,0.2644166666666667
131.8999999999968,0.2635
131.9999999999968,0.26108333333333333
132.09999999999678,0.259
132.19999999999678,0.25675000000000003
132.29999999999677,0.2540833333333334
132.39999999999677,0.2525833333333333
132.49999999999676,0.25166666666666665
132.59999999999675,0.24941666666666668
132.69999999999675,0.24775
132.79999999999674,0.24558333333333335
132.89999999999674,0.24383333333333335
132.99999999999673,0.24225
133.09999999999673,0.23991666666666667
133.19999999999672,0.23824999999999996
133.29999999999671,0.23633333333333337
133.3999999999967,0.235
133.4999999999967,0.2330833333333333
133.5999999999967,0.23116666666666671
133.6999999999967,0.22983333333333336
133.7999999999967,0.22833333333333336
133.89999999999668,0.22633333333333333
133.99999999999667,0.22441666666666668
134.09999999999667,0.22283333333333333
134.19999999999666,0.22066666666666668
134.29999999999666,0.219
134.39999999999665,0.21758333333333335
134.49999999999665,0.21616666666666665
134.59999999999664,0.2145
134.69999999999663,0.21291666666666667
134.79999999999663,0.21158333333333335
134.89999999999662,0.20958333333333334
134.99999999999662,0.2081666666666667
135.0999999999966,0.2066666666666667
135.1999999999966,0.20583333333333337
135.2999999999966,0.20433333333333334
135.3999999999966,0.2024166666666667
135.4999999999966,0.20133333333333334
135.59999999999658,0.1995
135.69999999999658,0.198
135.79999999999657,0.19675
135.89999999999657,0.1955
135.99999999999656,0.19425
136.09999999999656,0.193
136.19999999999655,0.19108333333333333
136.29999999999654,0.19025
136.39999999999654,0.18891666666666665
136.49999999999653,0.18808333333333332
136.59999999999653,0.18683333333333335
136.69999999999652,0.1851666666666667
136.79999999999652,0.18283333333333332
136.8999999999965,0.18183333333333332
136.9999999999965,0.18058333333333335
137.0999999999965,0.17933333333333334
137.1999999999965,0.17833333333333334
137.2999999999965,0.177
137.39999999999648,0.17591666666666667
137.49999999999648,0.17433333333333334
137.59999999999647,0.1735833333333333
137.69999999999646,0.17225
137.79999999999646,0.1715833333333333
137.89999999999645,0.17041666666666666
137.99999999999645,0.16874999999999998
138.09999999999644,0.16766666666666669
138.19999999999644,0.16675
138.29999999999643,0.16566666666666668
138.39999999999642,0.16391666666666668
138.49999999999642,0.16275
138.5999999999964,0.1615
138.6999999999964,0.16108333333333333
138.7999999999964,0.1605
138.8999999999964,0.15950000000000003
138.9999999999964,0.15833333333333338
139.09999999999638,0.1574166666666667
139.19999999999638,0.15666666666666668
139.29999999999637,0.15558333333333335
139.39999999999637,0.15466666666666667
139.49999999999636,0.15391666666666665
139.59999999999636,0.15291666666666667
139.69999999999635,0.15183333333333335
139.79999999999634,0.15083333333333335
139.89999999999634,0.1501666666666667
139.99999999999633,0.1491666666666667
140.09999999999633,0.1486666666666667
140.19999999999632,0.14758333333333334
140.29999999999632,0.14658333333333334
140.3999999999963,0.14600000000000002
140.4999999999963,0.14500000000000002
140.5999999999963,0.14441666666666667
140.6999999999963,0.14391666666666666
140.7999999999963,0.14291666666666666
140.89999999999628,0.142
140.99999999999628,0.14150000000000001
141.09999999999627,0.14058333333333334
141.19999999999627,0.13991666666666666
141.29999999999626,0.13925
141.39999999999625,0.13858333333333334
141.49999999999625,0.13783333333333334
141.59999999999624,0.1371666666666667
141.69999999999624,0.13666666666666666
141.79999999999623,0.13633333333333336
141.89999999999623,0.13525
141.99999999999622,0.13466666666666666
142.09999999999621,0.13466666666666666
142.1999999999962,0.13433333333333336
142.2999999999962,0.13408333333333333
142.3999999999962,0.13358333333333336
142.4999999999962,0.1335
142.5999999999962,0.13316666666666668
142.69999999999618,0.13266666666666668
142.79999999999617,0.13191666666666668
142.89999999999617,0.1315
142.99999999999616,0.13116666666666668
143.09999999999616,0.12983333333333333
143.19999999999615,0.12925
143.29999999999615,0.12925
143.39999999999614,0.12933333333333336
143.49999999999613,0.12925000000000003
143.59999999999613,0.12966666666666668
143.69999999999612,0.12916666666666668
143.79999999999612,0.12908333333333336
143.8999999999961,0.12883333333333336
143.9999999999961,0.13208333333333333
144.0999999999961,0.1355
144.1999999999961,0.13816666666666666
144.2999999999961,0.14125000000000001
144.39999999999608,0.1435
144.49999999999608,0.1479166666666667
144.59999999999607,0.15091666666666667
144.69999999999607,0.15383333333333332
144.79999999999606,0.15716666666666665
144.89999999999606,0.1605
144.99999999999605,0.16383333333333333
145.09999999999604,0.16549999999999998
145.19999999999604,0.16908333333333334
145.29999999999603,0.17200000000000001
145.39999999999603,0.1754166666666667
145.49999999999602,0.17966666666666664
145.59999999999602,0.18225000000000002
145.699999999996,0.18508333333333335
145.799999999996,0.18716666666666665
145.899999999996,0.18866666666666668
145.999999999996,0.191
146.099999999996,0.19383333333333333
146.19999999999598,0.19708333333333333
146.29999999999598,0.20049999999999998
146.39999999999597,0.20249999999999999
146.49999999999596,0.20475000000000002
146.59999999999596,0.20733333333333334
146.69999999999595,0.20983333333333332
146.79999999999595,0.21183333333333332
146.89999999999594,0.2144166666666667
146.99999999999594,0.21716666666666667
147.09999999999593,0.22075
147.19999999999592,0.22425000000000003
147.29999999999592,0.22683333333333333
147.3999999999959,0.22925
147.4999999999959,0.23149999999999998
147.5999999999959,0.23433333333333334
147.6999999999959,0.23683333333333334
147.7999999999959,0.23941666666666667
147.89999999999588,0.24099999999999996
147.99999999999588,0.24325000000000002
148.09999999999587,0.24583333333333335
148.19999999999587,0.248
148.29999999999586,0.24958333333333332
148.39999999999586,0.2520833333333333
148.49999999999585,0.2549166666666667
148.59999999999584,0.25775000000000003
148.69999999999584,0.2584166666666667
148.79999999999583,0.26025000000000004
148.89999999999583,0.26216666666666666
148.99999999999582,0.26416666666666666
149.09999999999582,0.26608333333333334
149.1999999999958,0.26691666666666664
149.2999999999958,0.2694166666666667
149.3999999999958,0.27116666666666667
149.4999999999958,0.27175000000000005
149.5999999999958,0.27358333333333335
149.69999999999578,0.2745
149.79999999999578,0.2754166666666667
149.89999999999577,0.2771666666666667
149.99999999999577,0.27875000000000005
150.09999999999576,0.2793333333333333
150.19999999999575,0.2809166666666667
150.29999999999575,0.2819166666666667
150.39999999999574,0.2833333333333333
150.49999999999574,0.2845
150.59999999999573,0.2841666666666667
150.69999999999573,0.28475
150.79999999999572,0.2861666666666667
150.8999999999957,0.287
150.9999999999957,0.28925
151.0999999999957,0.29033333333333333
151.1999999999957,0.29100000000000004
151.2999999999957,0.29175
151.39999999999569,0.29225
151.49999999999568,0.29300000000000004
151.59999999999567,0.29325
151.69999999999567,0.29408333333333336
151.79999999999566,0.29458333333333336
151.89999999999566,0.29491666666666666
151.99999999999565,0.29541666666666666
152.09999999999565,0.29625
152.19999999999564,0.29683333333333334
152.29999999999563,0.29641666666666666
152.39999999999563,0.2969166666666666
152.49999999999562,0.2971666666666667
152.59999999999562,0.29691666666666666
152.6999999999956,0.29625000000000007
152.7999999999956,0.29600000000000004
152.8999999999956,0.29608333333333337
152.9999999999956,0.29633333333333334
153.0999999999956,0.29733333333333334
153.19999999999558,0.2981666666666667
153.29999999999558,0.29783333333333334
153.39999999999557,0.29716666666666663
153.49999999999557,0.29625
153.59999999999556,0.2966666666666667
153.69999999999555,0.29525
153.79999999999555,0.29525
153.89999999999554,0.29483333333333334
153.99999999999554,0.29366666666666663
154.09999999999553,0.29375
154.19999999999553,0.29425
154.29999999999552,0.29333333333333333
154.39999999999552,0.2926666666666667
154.4999999999955,0.2920833333333333
154.5999999999955,0.29225
154.6999999999955,0.29183333333333333
154.7999999999955,0.29108333333333336
154.8999999999955,0.2910833333333333
154.99999999999548,0.29016666666666663
155.09999999999548,0.28975
155.19999999999547,0.28833333333333333
155.29999999999546,0.28750000000000003
155.39999999999546,0.28566666666666674
155.49999999999545,0.2845
155.59999999999545,0.28375000000000006
155.69999999999544,0.2824166666666667
155.79999999999544,0.2818333333333333
155.89999999999543,0.28108333333333335
155.99999999999542,0.2783333333333333
156.09999999999542,0.27625
156.1999999999954,0.274
156.2999999999954,0.27183333333333337
156.3999999999954,0.26825
156.4999999999954,0.26666666666666666
156.5999999999954,0.2649166666666667
156.69999999999538,0.26275
156.79999999999538,0.26058333333333333
156.89999999999537,0.25850000000000006
156.99999999999537,0.25575000000000003
157.09999999999536,0.254
157.19999999999536,0.25116666666666665
157.29999999999535,0.24841666666666665
157.39999999999534,0.24650000000000002
157.49999999999534,0.24441666666666667
157.59999999999533,0.24083333333333332
157.69999999999533,0.23891666666666672
157.79999999999532,0.2373333333333333
157.89999999999532,0.23516666666666666
157.9999999999953,0.23366666666666666
158.0999999999953,0.23175000000000004
158.1999999999953,0.23024999999999998
158.2999999999953,0.22908333333333333
158.3999999999953,0.22666666666666666
158.49999999999528,0.22466666666666665
158.59999999999528,0.2226666666666667
158.69999999999527,0.22050000000000003
158.79999999999526,0.21883333333333332
158.89999999999526,0.217
158.99999999999525,0.21533333333333335
159.09999999999525,0.21258333333333335
159.19999999999524,0.2111666666666667
159.29999999999524,0.20916666666666667
159.39999999999523,0.20758333333333337
159.49999999999523,0.20558333333333337
159.59999999999522,0.20408333333333334
159.6999999999952,0.20208333333333334
159.7999999999952,0.20024999999999998
159.8999999999952,0.19883333333333336
159.9999999999952,0.19783333333333336
160.0999999999952,0.1965
160.19999999999519,0.19533333333333333
160.29999999999518,0.1945
160.39999999999517,0.19283333333333333
160.49999999999517,0.19083333333333335
160.59999999999516,0.1896666666666667
160.69999999999516,0.188
160.79999999999515,0.18625
160.89999999999515,0.18500000000000003
160.99999999999514,0.18408333333333335
161.09999999999513,0.18250000000000002
161.19999999999513,0.18158333333333335
161.29999999999512,0.18033333333333337
161.39999999999512,0.17900000000000002
161.4999999999951,0.17825000000000002
161.5999999999951,0.17691666666666667
161.6999999999951,0.1759166666666667
161.7999999999951,0.17500000000000004
161.8999999999951,0.17383333333333334
161.99999999999508,0.17291666666666666
162.09999999999508,0.1716666666666667
162.19999999999507,0.17066666666666663
162.29999999999507,0.16966666666666666
162.39999999999506,0.1685
162.49999999999505,0.16691666666666666
162.59999999999505,0.16516666666666668
162.69999999999504,0.16391666666666668
162.79999999999504,0.1625
162.89999999999503,0.1615
162.99999999999503,0.16041666666666668
163.09999999999502,0.15933333333333335
163.19999999999501,0.1589166666666667
163.299999999995,0.15816666666666668
163.399999999995,0.15700000000000003
163.499999999995,0.15641666666666665
163.599999999995,0.15516666666666667
163.699999999995,0.1545
163.79999999999498,0.15408333333333335
163.89999999999498,0.15300000000000002
163.99999999999497,0.15225
164.09999999999496,0.15166666666666667
164.19999999999496,0.15066666666666664
164.29999999999495,0.15
164.39999999999495,0.14891666666666667
164.49999999999494,0.14833333333333334
164.59999999999494,0.14783333333333334
164.69999999999493,0.14733333333333334
164.79999999999492,0.14633333333333334
164.89999999999492,0.14575000000000002
164.9999999999949,0.14500000000000002
165.0999999999949,0.14450000000000002
165.1999999999949,0.14341666666666666
165.2999999999949,0.14233333333333334
165.3999999999949,0.1424166666666667
165.49999999999488,0.14133333333333334
165.59999999999488,0.14100000000000001
165.69999999999487,0.14075000000000001
165.79999999999487,0.1406666666666667
165.89999999999486,0.14
165.99999999999486,0.1395
166.09999999999485,0.1385
166.19999999999484,0.13783333333333334
166.29999999999484,0.1369166666666667
166.39999999999483,0.13616666666666669
166.49999999999483,0.13591666666666666
166.59999999999482,0.13533333333333333
166.69999999999482,0.1345
166.7999999999948,0.13366666666666668
166.8999999999948,0.13383333333333333
166.9999999999948,0.13333333333333336
167.0999999999948,0.13316666666666668
167.1999999999948,0.13258333333333336
167.29999999999478,0.1325
167.39999999999478,0.13233333333333336
167.49999999999477,0.13166666666666668
167.59999999999476,0.13133333333333333
167.69999999999476,0.13075
167.79999999999475,0.13041666666666665
167.89999999999475,0.13008333333333333
167.99999999999474,0.133
168.09999999999474,0.13658333333333336
168.19999999999473,0.1395833333333333
168.29999999999472,0.14208333333333334
168.39999999999472,0.1444166666666667
168.4999999999947,0.14658333333333334
168.5999999999947,0.15100000000000002
168.6999999999947,0.15325
168.7999999999947,0.156
168.8999999999947,0.1585
168.99999999999469,0.16183333333333333
169.09999999999468,0.166
169.19999999999467,0.17008333333333336
169.29999999999467,0.17233333333333334
169.39999999999466,0.17541666666666667
169.49999999999466,0.178
169.59999999999465,0.18141666666666667
169.69999999999465,0.18366666666666667
169.79999999999464,0.18725000000000003
169.89999999999463,0.19166666666666668
169.99999999999463,0.19475
170.09999999999462,0.19866666666666669
170.19999999999462,0.2015
170.2999999999946,0.20308333333333334
170.3999999999946,0.20650000000000002
170.4999999999946,0.20991666666666667
170.5999999999946,0.2129166666666667
170.6999999999946,0.21583333333333332
170.79999999999458,0.21891666666666662
170.89999999999458,0.22175000000000003
170.99999999999457,0.22425
171.09999999999457,0.22741666666666666
171.19999999999456,0.23033333333333333
171.29999999999455,0.2330833333333333
171.39999999999455,0.2360833333333333
171.49999999999454,0.23816666666666667
171.59999999999454,0.24075
171.69999999999453,0.24358333333333332
171.79999999999453,0.24658333333333332
171.89999999999452,0.24816666666666665
171.99999999999451,0.25049999999999994
172.0999999999945,0.2525
172.1999999999945,0.25316666666666665
172.2999999999945,0.25516666666666665
172.3999999999945,0.25666666666666665
172.4999999999945,0.25775
172.59999999999448,0.25916666666666666
172.69999999999447,0.2604166666666667
172.79999999999447,0.26258333333333334
172.89999999999446,0.26416666666666666
172.99999999999446,0.26566666666666666
173.09999999999445,0.26708333333333334
173.19999999999445,0.26816666666666666
173.29999999999444,0.27066666666666667
173.39999999999444,0.27183333333333337
173.49999999999443,0.27325000000000005
173.59999999999442,0.27525000000000005
173.69999999999442,0.27675
173.7999999999944,0.27841666666666665
173.8999999999944,0.2798333333333334
173.9999999999944,0.28141666666666665
174.0999999999944,0.2831666666666667
174.1999999999944,0.2841666666666667
174.29999999999438,0.2855833333333333
174.39999999999438,0.2865833333333333
174.49999999999437,0.2886666666666667
174.59999999999437,0.28983333333333333
174.69999999999436,0.29058333333333336
174.79999999999436,0.2915833333333333
174.89999999999435,0.29133333333333333
174.99999999999434,0.29233333333333333
175.09999999999434,0.2926666666666667
175.19999999999433,0.2939166666666667
175.29999999999433,0.29441666666666666
175.39999999999432,0.29500000000000004
175.49999999999432,0.29533333333333334
175.5999999999943,0.297
175.6999999999943,0.2976666666666667
175.7999999999943,0.29775
175.8999999999943,0.2975
175.9999999999943,0.29724999999999996
176.09999999999428,0.29866666666666664
176.19999999999428,0.29858333333333337
176.29999999999427,0.29925
176.39999999999426,0.29800000000000004
176.49999999999426,0.29775
176.59999999999425,0.2975
176.69999999999425,0.29733333333333334
176.79999999999424,0.29708333333333337
176.89999999999424,0.29650000000000004
176.99999999999423,0.29700000000000004
177.09999999999422,0.2978333333333333
177.19999999999422,0.29825000000000007
177.2999999999942,0.2976666666666667
177.3999999999942,0.29833333333333334
177.4999999999942,0.29816666666666664
177.5999999999942,0.298
177.6999999999942,0.29733333333333334
177.79999999999418,0.29658333333333337
177.89999999999418,0.29641666666666666
177.99999999999417,0.29633333333333334
178.09999999999417,0.29641666666666666
178.19999999999416,0.29558333333333336
178.29999999999416,0.2956666666666667
178.39999999999415,0.29374999999999996
178.49999999999415,0.2925
178.59999999999414,0.2928333333333333
178.69999999999413,0.29241666666666666
178.79999999999413,0.29174999999999995
178.89999999999412,0.29050000000000004
178.99999999999412,0.2915833333333333
179.0999999999941,0.29091666666666666
179.1999999999941,0.28933333333333333
179.2999999999941,0.2886666666666667
179.3999999999941,0.28750000000000003
179.4999999999941,0.28583333333333333
179.59999999999408,0.2845
179.69999999999408,0.28291666666666665
179.79999999999407,0.28225
179.89999999999407,0.28175
179.99999999999406,0.2793333333333333
180.09999999999405,0.2778333333333334
180.19999999999405,0.27599999999999997
180.29999999999404,0.27266666666666667
180.39999999999404,0.2709166666666667
180.49999999999403,0.26833333333333337
180.59999999999403,0.26691666666666664
180.69999999999402,0.265
180.79999999999401,0.2629166666666667
180.899999999994,0.26075
180.999999999994,0.2595
181.099999999994,0.25716666666666665
181.199999999994,0.25566666666666665
181.299999999994,0.25325000000000003
181.39999999999398,0.25183333333333335
181.49999999999397,0.249
181.59999999999397,0.24716666666666667
181.69999999999396,0.2454166666666667
181.79999999999396,0.24333333333333335
181.89999999999395,0.24183333333333334
181.99999999999395,0.23975
182.09999999999394,0.2380833333333333
182.19999999999393,0.23641666666666664
182.29999999999393,0.23483333333333334
182.39999999999392,0.23274999999999998
182.49999999999392,0.23125
182.5999999999939,0.22974999999999998
182.6999999999939,0.22858333333333333
182.7999999999939,0.22716666666666666
182.8999999999939,0.22458333333333333
182.9999999999939,0.22233333333333336
183.09999999999388,0.22066666666666668
183.19999999999388,0.21908333333333332
183.29999999999387,0.2176666666666667
183.39999999999387,0.21633333333333335
183.49999999999386,0.21433333333333338
183.59999999999386,0.21283333333333335
183.69999999999385,0.21158333333333335
183.79999999999384,0.20975
183.89999999999384,0.20733333333333334
183.99999999999383,0.20566666666666666
184.09999999999383,0.2039166666666667
184.19999999999382,0.20299999999999999
184.29999999999382,0.2014166666666667
184.3999999999938,0.19941666666666666
184.4999999999938,0.19841666666666669
184.5999999999938,0.19733333333333333
184.6999999999938,0.19624999999999998
184.7999999999938,0.19525
184.89999999999378,0.19433333333333333
184.99999999999378,0.19299999999999998
185.09999999999377,0.19208333333333336
185.19999999999376,0.19108333333333333
185.29999999999376,0.19008333333333335
185.39999999999375,0.18858333333333333
185.49999999999375,0.18733333333333332
185.59999999999374,0.18641666666666667
185.69999999999374,0.18508333333333332
185.79999999999373,0.18383333333333335
185.89999999999372,0.18308333333333332
185.99999999999372,0.18183333333333335
186.0999999999937,0.1799166666666667
186.1999999999937,0.17883333333333332
186.2999999999937,0.17825
186.3999999999937,0.1775
186.4999999999937,0.17658333333333337
186.59999999999368,0.17525000000000002
186.69999999999368,0.17450000000000002
186.79999999999367,0.17350000000000002
186.89999999999367,0.17266666666666666
186.99999999999366,0.1706666666666667
187.09999999999366,0.1701666666666667
187.19999999999365,0.16958333333333334
187.29999999999364,0.16883333333333334
187.39999999999364,0.16758333333333336
187.49999999999363,0.1665
187.59999999999363,0.165
187.69999999999362,0.164
187.79999999999362,0.16275
187.8999999999936,0.16158333333333333
187.9999999999936,0.16091666666666668
188.0999999999936,0.15983333333333333
188.1999999999936,0.159
188.2999999999936,0.15816666666666668
188.39999999999358,0.15725000000000003
188.49999999999358,0.15658333333333335
188.59999999999357,0.15550000000000003
188.69999999999357,0.15475000000000003
188.79999999999356,0.15341666666666667
188.89999999999355,0.15266666666666667
188.99999999999355,0.15225000000000002
189.09999999999354,0.1515
189.19999999999354,0.15083333333333332
189.29999999999353,0.15033333333333335
189.39999999999353,0.14966666666666667
189.49999999999352,0.14875
189.5999999999935,0.14841666666666667
189.6999999999935,0.14783333333333334
189.7999999999935,0.14708333333333334
189.8999999999935,0.14616666666666667
189.9999999999935,0.1456666666666667
190.09999999999349,0.145
190.19999999999348,0.14433333333333334
190.29999999999347,0.14366666666666666
190.39999999999347,0.1431666666666667
190.49999999999346,0.1426666666666667
190.59999999999346,0.14258333333333337
190.69999999999345,0.14166666666666666
190.79999999999345,0.14125000000000001
190.89999999999344,0.14091666666666666
190.99999999999343,0.14041666666666666
191.09999999999343,0.13958333333333334
191.19999999999342,0.13908333333333334
191.29999999999342,0.13825
191.3999999999934,0.13833333333333334
191.4999999999934,0.13825
191.5999999999934,0.13825
191.6999999999934,0.1375
191.7999999999934,0.1376666666666667
191.89999999999338,0.1376666666666667
191.99999999999338,0.13975
192.09999999999337,0.14325000000000002
192.19999999999337,0.1469166666666667
192.29999999999336,0.15016666666666667
192.39999999999336,0.15366666666666665
192.49999999999335,0.15583333333333332
192.59999999999334,0.15883333333333333
192.69999999999334,0.16124999999999998
192.79999999999333,0.16333333333333333
192.89999999999333,0.16675
192.99999999999332,0.16983333333333334
193.09999999999332,0.1719166666666667
193.1999999999933,0.17525000000000002
193.2999999999933,0.17824999999999996
193.3999999999933,0.18108333333333335
193.4999999999933,0.18383333333333335
193.5999999999933,0.1865
193.69999999999328,0.18983333333333335
193.79999999999328,0.19225
193.89999999999327,0.19508333333333336
193.99999999999326,0.19775000000000004
194.09999999999326,0.20075000000000004
194.19999999999325,0.2034166666666667
194.29999999999325,0.20625000000000002
194.39999999999324,0.20875
194.49999999999324,0.21158333333333332
194.59999999999323,0.21400000000000002
194.69999999999322,0.21675
194.79999999999322,0.21883333333333335
194.8999999999932,0.22125
194.9999999999932,0.22491666666666668
195.0999999999932,0.22775
195.1999999999932,0.23091666666666666
195.2999999999932,0.23258333333333334
195.39999999999318,0.23558333333333334
195.49999999999318,0.23725000000000002
195.59999999999317,0.23925000000000002
195.69999999999317,0.2416666666666667
195.79999999999316,0.244
195.89999999999316,0.24558333333333332
195.99999999999315,0.24816666666666665
196.09999999999314,0.24991666666666668
196.19999999999314,0.2520833333333333
196.29999999999313,0.2555
196.39999999999313,0.25766666666666665
196.49999999999312,0.25883333333333336
196.59999999999312,0.26108333333333333
196.6999999999931,0.2635
196.7999999999931,0.26566666666666666
196.8999999999931,0.26791666666666664
196.9999999999931,0.26966666666666667
197.0999999999931,0.2704166666666667
197.19999999999308,0.27199999999999996
197.29999999999308,0.2743333333333333
197.39999999999307,0.2748333333333334
197.49999999999307,0.2756666666666667
197.59999999999306,0.27741666666666664
197.69999999999305,0.2788333333333333
197.79999999999305,0.2803333333333333
197.89999999999304,0.28049999999999997
197.99999999999304,0.28200000000000003
198.09999999999303,0.28275
198.19999999999303,0.2834166666666667
198.29999999999302,0.28400000000000003
198.399999999993,0.2838333333333333
198.499999999993,0.2845833333333333
198.599999999993,0.2848333333333333
198.699999999993,0.2861666666666667
198.799999999993,0.28700000000000003
198.89999999999299,0.28733333333333333
198.99999999999298,0.28850000000000003
199.09999999999297,0.28850000000000003
199.19999999999297,0.28983333333333333
199.29999999999296,0.29033333333333333
199.39999999999296,0.29091666666666666
199.49999999999295,0.29133333333333333
199.59999999999295,0.29174999999999995
199.69999999999294,0.29225
199.79999999999293,0.29233333333333333
199.89999999999293,0.29241666666666666
199.99999999999292,0.29174999999999995
200.09999999999292,0.29158333333333336
200.1999999999929,0.2926666666666667
200.2999999999929,0.2928333333333334
200.3999999999929,0.29291666666666666
200.4999999999929,0.29341666666666666
200.5999999999929,0.294
200.69999999999288,0.2941666666666667
200.79999999999288,0.29333333333333333
200.89999999999287,0.2935833333333333
200.99999999999287,0.2934166666666667
201.09999999999286,0.29325
201.19999999999285,0.293
201.29999999999285,0.29275
201.39999999999284,0.2920833333333333
201.49999999999284,0.2916666666666667
201.59999999999283,0.29175
201.69999999999283,0.2921666666666667
201.79999999999282,0.29175
201.89999999999281,0.29133333333333333
201.9999999999928,0.29125
202.0999999999928,0.29058333333333336
202.1999999999928,0.29025
202.2999999999928,0.28991666666666666
202.3999999999928,0.28941666666666666
202.49999999999278,0.28933333333333333
202.59999999999278,0.28900000000000003
202.69999999999277,0.28783333333333333
202.79999999999276,0.28500000000000003
202.89999999999276,0.2828333333333334
202.99999999999275,0.28175
203.09999999999275,0.2806666666666667
203.19999999999274,0.27975
203.29999999999274,0.2785
203.39999999999273,0.2768333333333333
203.49999999999272,0.27575
203.59999999999272,0.27525
203.6999999999927,0.2749166666666667
203.7999999999927,0.27466666666666667
203.8999999999927,0.2735833333333333
203.9999999999927,0.2709166666666667
204.0999999999927,0.26875000000000004
204.19999999999268,0.26575000000000004
204.29999999999268,0.2645
204.39999999999267,0.26158333333333333
204.49999999999267,0.25958333333333333
204.59999999999266,0.2569166666666667
204.69999999999266,0.2551666666666667
204.79999999999265,0.25283333333333335
204.89999999999264,0.2506666666666667
204.99999999999264,0.24816666666666667
205.09999999999263,0.24575000000000002
205.19999999999263,0.2439166666666667
205.29999999999262,0.24175000000000002
205.39999999999262,0.24041666666666667
205.4999999999926,0.23850000000000002
205.5999999999926,0.23691666666666664
205.6999999999926,0.23425
205.7999999999926,0.23183333333333334
205.8999999999926,0.23016666666666669
205.99999999999258,0.2284166666666667
206.09999999999258,0.226
206.19999999999257,0.22449999999999998
206.29999999999256,0.22233333333333336
206.39999999999256,0.22075
206.49999999999255,0.21950000000000003
206.59999999999255,0.2179166666666667
206.69999999999254,0.21575000000000003
206.79999999999254,0.21383333333333335
206.89999999999253,0.2116666666666667
206.99999999999253,0.20991666666666667
207.09999999999252,0.20891666666666667
207.1999999999925,0.20766666666666667
207.2999999999925,0.20641666666666666
207.3999999999925,0.20500000000000002
207.4999999999925,0.20275000000000004
207.5999999999925,0.20108333333333336
207.69999999999249,0.1999166666666667
207.79999999999248,0.19866666666666669
207.89999999999247,0.19683333333333336
207.99999999999247,0.19491666666666668
208.09999999999246,0.19358333333333333
208.19999999999246,0.1915
208.29999999999245,0.18958333333333335
208.39999999999245,0.18808333333333332
208.49999999999244,0.18658333333333335
208.59999999999243,0.18475
208.69999999999243,0.18316666666666667
208.79999999999242,0.18141666666666667
208.89999999999242,0.17975000000000002
208.9999999999924,0.178
209.0999999999924,0.17591666666666667
209.1999999999924,0.1745833333333333
209.2999999999924,0.17275
209.3999999999924,0.17116666666666666
209.49999999999238,0.1705833333333333
209.59999999999238,0.16933333333333334
209.69999999999237,0.16841666666666666
209.79999999999237,0.16733333333333333
209.89999999999236,0.166
209.99999999999235,0.165
210.09999999999235,0.16358333333333333
210.19999999999234,0.16158333333333333
210.29999999999234,0.16049999999999998
210.39999999999233,0.15966666666666668
210.49999999999233,0.15783333333333335
210.59999999999232,0.15716666666666668
210.69999999999231,0.15591666666666668
210.7999999999923,0.15516666666666667
210.8999999999923,0.15425
210.9999999999923,0.15341666666666665
211.0999999999923,0.15299999999999997
211.1999999999923,0.15191666666666667
211.29999999999228,0.15091666666666667
211.39999999999227,0.15033333333333335
211.49999999999227,0.149
211.59999999999226,0.14791666666666667
211.69999999999226,0.1474166666666667
211.79999999999225,0.14683333333333334
211.89999999999225,0.1465
211.99999999999224,0.146
212.09999999999224,0.14500000000000002
212.19999999999223,0.14458333333333334
212.29999999999222,0.14358333333333334
212.39999999999222,0.14266666666666666
212.4999999999922,0.1419166666666667
212.5999999999922,0.14166666666666666
212.6999999999922,0.14075000000000001
212.7999999999922,0.14025
212.8999999999922,0.14008333333333334
212.99999999999218,0.1391666666666667
213.09999999999218,0.13875
213.19999999999217,0.13783333333333334
213.29999999999217,0.13708333333333333
213.39999999999216,0.13616666666666666
213.49999999999216,0.13616666666666666
213.59999999999215,0.136
213.69999999999214,0.1355
213.79999999999214,0.13533333333333336
213.89999999999213,0.13408333333333333
213.99999999999213,0.13316666666666666
214.09999999999212,0.13266666666666665
214.19999999999212,0.13258333333333333
214.2999999999921,0.13166666666666665
214.3999999999921,0.13116666666666668
214.4999999999921,0.13058333333333336
214.5999999999921,0.12991666666666668
214.6999999999921,0.13
214.79999999999208,0.12983333333333336
214.89999999999208,0.12966666666666668
214.99999999999207,0.12966666666666668
215.09999999999206,0.12908333333333333
215.19999999999206,0.12866666666666668
215.29999999999205,0.12816666666666665
215.39999999999205,0.12750000000000003
215.49999999999204,0.12725
215.59999999999204,0.12708333333333333
215.69999999999203,0.12666666666666665
215.79999999999202,0.12675
215.89999999999202,0.12658333333333333
215.999999999992,0.12916666666666668
216.099999999992,0.13275
216.199999999992,0.1355
216.299999999992,0.13983333333333334
216.399999999992,0.1424166666666667
216.49999999999199,0.14533333333333334
216.59999999999198,0.14875000000000002
216.69999999999197,0.15183333333333332
216.79999999999197,0.15466666666666667
216.89999999999196,0.15716666666666665
216.99999999999196,0.16008333333333333
217.09999999999195,0.16275
217.19999999999195,0.166
217.29999999999194,0.16833333333333333
217.39999999999193,0.1709166666666667
217.49999999999193,0.1744166666666667
217.59999999999192,0.17733333333333334
217.69999999999192,0.18016666666666667
217.7999999999919,0.18291666666666667
217.8999999999919,0.1855
217.9999999999919,0.18916666666666665
218.0999999999919,0.1925
218.1999999999919,0.19483333333333333
218.29999999999188,0.19758333333333336
218.39999999999188,0.20041666666666666
218.49999999999187,0.2039166666666667
218.59999999999187,0.20633333333333337
218.69999999999186,0.20866666666666667
218.79999999999185,0.21158333333333335
218.89999999999185,0.21475
218.99999999999184,0.21766666666666667
219.09999999999184,0.22150000000000003
219.19999999999183,0.22483333333333336
219.29999999999183,0.22741666666666668
219.39999999999182,0.23008333333333333
219.49999999999181,0.23241666666666672
219.5999999999918,0.2345
219.6999999999918,0.23733333333333334
219.7999999999918,0.23908333333333334
219.8999999999918,0.24175000000000002
219.9999999999918,0.245
220.09999999999178,0.24758333333333332
220.19999999999177,0.24916666666666668
220.29999999999177,0.2516666666666667
220.39999999999176,0.25508333333333333
220.49999999999176,0.25708333333333333
220.59999999999175,0.25941666666666663
220.69999999999175,0.26025
220.79999999999174,0.26158333333333333
220.89999999999173,0.264
220.99999999999173,0.26475
221.09999999999172,0.2673333333333333
221.19999999999172,0.2688333333333333
221.2999999999917,0.27108333333333334
221.3999999999917,0.27399999999999997
221.4999999999917,0.27558333333333335
221.5999999999917,0.2783333333333333
221.6999999999917,0.28
221.79999999999168,0.2809166666666667
221.89999999999168,0.2819166666666667
221.99999999999167,0.28358333333333335
222.09999999999167,0.2853333333333333
222.19999999999166,0.28633333333333333
222.29999999999166,0.2866666666666666
222.39999999999165,0.28775
222.49999999999164,0.28908333333333336
222.59999999999164,0.2906666666666667
222.69999999999163,0.29275
222.79999999999163,0.2945
222.89999999999162,0.29466666666666663
222.99999999999162,0.2961666666666667
223.0999999999916,0.29725
223.1999999999916,0.29816666666666664
223.2999999999916,0.2991666666666667
223.3999999999916,0.30041666666666667
223.4999999999916,0.30166666666666664
223.59999999999158,0.3026666666666667
223.69999999999158,0.30333333333333334
223.79999999999157,0.30283333333333334
223.89999999999156,0.30383333333333334
223.99999999999156,0.30625
224.09999999999155,0.30683333333333335
224.19999999999155,0.3063333333333334
224.29999999999154,0.3065833333333333
224.39999999999154,0.30633333333333335
224.49999999999153,0.30574999999999997
224.59999999999152,0.30666666666666664
224.69999999999152,0.30666666666666664
224.7999999999915,0.3075
224.8999999999915,0.30741666666666667
224.9999999999915,0.308
225.0999999999915,0.3075833333333334
225.1999999999915,0.30791666666666667
225.29999999999148,0.30833333333333335
225.39999999999148,0.30900000000000005
225.49999999999147,0.30933333333333335
225.59999999999147,0.30975
225.69999999999146,0.3101666666666667
225.79999999999146,0.3095
225.89999999999145,0.31025
225.99999999999145,0.31016666666666665
226.09999999999144,0.3098333333333333
226.19999999999143,0.3091666666666667
226.29999999999143,0.30983333333333335
226.39999999999142,0.30916666666666665
226.49999999999142,0.30933333333333335
226.5999999999914,0.3075
226.6999999999914,0.30675
226.7999999999914,0.307
226.8999999999914,0.3060833333333334
226.9999999999914,0.30541666666666667
227.09999999999138,0.3038333333333333
227.19999999999138,0.3043333333333333
227.29999999999137,0.30316666666666664
227.39999999999137,0.30225
227.49999999999136,0.30125
227.59999999999135,0.3006666666666667
227.69999999999135,0.2996666666666667
227.79999999999134,0.29874999999999996
227.89999999999134,0.29875000000000007
227.99999999999133,0.29608333333333337
228.09999999999133,0.29325
228.19999999999132,0.29141666666666666
228.29999999999131,0.28825
228.3999999999913,0.28541666666666665
228.4999999999913,0.28400000000000003
228.5999999999913,0.28225
228.6999999999913,0.28025
228.7999999999913,0.2785833333333333
228.89999999999128,0.27625
228.99999999999127,0.27366666666666667
229.09999999999127,0.27249999999999996
229.19999999999126,0.26966666666666667
229.29999999999126,0.26783333333333337
229.39999999999125,0.26533333333333337
229.49999999999125,0.26316666666666666
229.59999999999124,0.26108333333333333
229.69999999999123,0.25933333333333336
229.79999999999123,0.25766666666666665
229.89999999999122,0.25533333333333336
229.99999999999122,0.2535
230.0999999999912,0.2514166666666667
230.1999999999912,0.24916666666666668
230.2999999999912,0.24733333333333335
230.3999999999912,0.24566666666666667
230.4999999999912,0.24391666666666664
230.59999999999118,0.24158333333333334
230.69999999999118,0.23816666666666667
230.79999999999117,0.23583333333333334
230.89999999999117,0.23416666666666666
230.99999999999116,0.23233333333333334
231.09999999999116,0.23066666666666666
231.19999999999115,0.22841666666666666
231.29999999999114,0.22625
231.39999999999114,0.2245833333333333
231.49999999999113,0.22266666666666665
231.59999999999113,0.2205
231.69999999999112,0.21908333333333332
231.79999999999112,0.21774999999999997
231.8999999999911,0.21658333333333335
231.9999999999911,0.21491666666666667
232.0999999999911,0.21358333333333332
232.1999999999911,0.21191666666666667
232.2999999999911,0.21075000000000002
232.39999999999108,0.20900000000000002
232.49999999999108,0.20725
232.59999999999107,0.20575000000000002
232.69999999999106,0.20383333333333334
232.79999999999106,0.20283333333333334
232.89999999999105,0.20108333333333334
232.99999999999105,0.1995
233.09999999999104,0.19808333333333333
233.19999999999104,0.19633333333333333
233.29999999999103,0.19525
233.39999999999102,0.194
233.49999999999102,0.19216666666666668
233.599999999991,0.19108333333333333
233.699999999991,0.1905
233.799999999991,0.1895
233.899999999991,0.18825000000000003
233.999999999991,0.18633333333333332
234.09999999999098,0.185
234.19999999999098,0.18400000000000002
234.29999999999097,0.18333333333333335
234.39999999999097,0.18166666666666664
234.49999999999096,0.18066666666666664
234.59999999999096,0.18033333333333335
234.69999999999095,0.17875000000000002
234.79999999999094,0.17741666666666667
234.89999999999094,0.17650000000000002
234.99999999999093,0.17533333333333334
235.09999999999093,0.1740833333333333
235.19999999999092,0.173
235.29999999999092,0.17175
235.3999999999909,0.17099999999999999
235.4999999999909,0.17074999999999999
235.5999999999909,0.16991666666666666
235.6999999999909,0.16924999999999998
235.7999999999909,0.1685
235.89999999999088,0.16725
235.99999999999088,0.16616666666666668
236.09999999999087,0.16508333333333333
236.19999999999087,0.16416666666666668
236.29999999999086,0.16358333333333336
236.39999999999085,0.16283333333333333
236.49999999999085,0.16191666666666668
236.59999999999084,0.16058333333333336
236.69999999999084,0.15925
236.79999999999083,0.15841666666666668
236.89999999999083,0.15750000000000003
236.99999999999082,0.15691666666666668
237.0999999999908,0.15600000000000006
237.1999999999908,0.15525000000000003
237.2999999999908,0.1546666666666667
237.3999999999908,0.15383333333333335
237.4999999999908,0.15266666666666667
237.59999999999079,0.15174999999999997
237.69999999999078,0.15150000000000002
237.79999999999077,0.15125000000000002
237.89999999999077,0.15050000000000002
237.99999999999076,0.14983333333333335
238.09999999999076,0.14850000000000002
238.19999999999075,0.14758333333333334
238.29999999999075,0.14775000000000002
238.39999999999074,0.14708333333333334
238.49999999999073,0.14691666666666667
238.59999999999073,0.14633333333333334
238.69999999999072,0.14575000000000002
238.79999999999072,0.14533333333333334
238.8999999999907,0.1441666666666667
238.9999999999907,0.14333333333333334
239.0999999999907,0.1429166666666667
239.1999999999907,0.14225000000000002
239.2999999999907,0.14175000000000001
239.39999999999068,0.14166666666666666
239.49999999999068,0.14083333333333334
239.59999999999067,0.14008333333333334
239.69999999999067,0.13908333333333334
239.79999999999066,0.1386666666666667
239.89999999999065,0.1379166666666667
239.99999999999065,0.14150000000000001
240.09999999999064,0.1443333333333333
240.19999999999064,0.14716666666666667
240.29999999999063,0.14958333333333332
240.39999999999063,0.15291666666666665
240.49999999999062,0.15583333333333332
240.59999999999062,0.15825
240.6999999999906,0.1605
240.7999999999906,0.16391666666666668
240.8999999999906,0.1670833333333333
240.9999999999906,0.16958333333333336
241.0999999999906,0.17341666666666666
241.19999999999058,0.1761666666666667
241.29999999999058,0.17916666666666667
241.39999999999057,0.182
241.49999999999056,0.18583333333333332
241.59999999999056,0.18775
241.69999999999055,0.19016666666666668
241.79999999999055,0.19233333333333333
241.89999999999054,0.19391666666666665
241.99999999999054,0.19658333333333333
242.09999999999053,0.19916666666666666
242.19999999999052,0.20208333333333334
242.29999999999052,0.20425000000000004
242.3999999999905,0.20575000000000002
242.4999999999905,0.20883333333333332
242.5999999999905,0.21133333333333332
242.6999999999905,0.21358333333333335
242.7999999999905,0.21516666666666667
242.89999999999048,0.21808333333333332
242.99999999999048,0.21958333333333335
243.09999999999047,0.22108333333333335
243.19999999999047,0.22383333333333333
243.29999999999046,0.22616666666666668
243.39999999999046,0.22775
243.49999999999045,0.22991666666666666
243.59999999999044,0.23216666666666663
243.69999999999044,0.2345833333333333
243.79999999999043,0.23733333333333334
243.89999999999043,0.23875000000000002
243.99999999999042,0.24041666666666664
244.09999999999042,0.2415
244.1999999999904,0.24425
244.2999999999904,0.2455
244.3999999999904,0.24725
244.4999999999904,0.24966666666666668
244.5999999999904,0.2523333333333333
244.69999999999038,0.2543333333333333
244.79999999999038,0.25616666666666665
244.89999999999037,0.258
244.99999999999037,0.25866666666666666
245.09999999999036,0.26
245.19999999999035,0.26158333333333333
245.29999999999035,0.2625
245.39999999999034,0.26433333333333336
245.49999999999034,0.26566666666666666
245.59999999999033,0.26775000000000004
245.69999999999033,0.26925000000000004
245.79999999999032,0.269
245.8999999999903,0.2705833333333333
245.9999999999903,0.27208333333333334
246.0999999999903,0.27391666666666664
246.1999999999903,0.2745
246.2999999999903,0.2755
246.39999999999029,0.27675
246.49999999999028,0.27741666666666664
246.59999999999027,0.279
246.69999999999027,0.2808333333333333
246.79999999999026,0.282
246.89999999999026,0.2816666666666667
246.99999999999025,0.2824166666666667
247.09999999999025,0.2841666666666667
247.19999999999024,0.2845833333333333
247.29999999999023,0.28541666666666665
247.39999999999023,0.28591666666666665
247.49999999999022,0.28575
247.59999999999022,0.28658333333333336
247.6999999999902,0.2883333333333334
247.7999999999902,0.28900000000000003
247.8999999999902,0.288
247.9999999999902,0.2885833333333333
248.0999999999902,0.28900000000000003
248.19999999999018,0.2895833333333333
248.29999999999018,0.28950000000000004
248.39999999999017,0.29
248.49999999999017,0.29024999999999995
248.59999999999016,0.28933333333333333
248.69999999999015,0.2886666666666667
248.79999999999015,0.2890833333333333
248.89999999999014,0.28858333333333336
248.99999999999014,0.28908333333333336
249.09999999999013,0.28933333333333333
249.19999999999013,0.28800000000000003
249.29999999999012,0.2871666666666667
249.39999999999011,0.28625
249.4999999999901,0.28600000000000003
249.5999999999901,0.285
249.6999999999901,0.28525
249.7999999999901,0.28425
249.8999999999901,0.28458333333333335
249.99999999999008,0.28291666666666665
250.09999999999008,0.28108333333333335
250.19999999999007,0.28108333333333335
250.29999999999006,0.28058333333333335
250.39999999999006,0.2798333333333334
250.49999999999005,0.2796666666666667
250.59999999999005,0.27858333333333335
250.69999999999004,0.278
250.79999999999004,0.27674999999999994
250.89999999999003,0.2768333333333333
250.99999999999002,0.2759166666666667
251.09999999999002,0.27575
251.19999999999,0.27408333333333335
251.29999999999,0.27316666666666667
251.39999999999,0.2733333333333333
251.49999999999,0.27225
251.59999999999,0.2708333333333333
251.69999999998998,0.27008333333333334
251.79999999998998,0.26991666666666664
251.89999999998997,0.26925
251.99999999998997,0.2675
252.09999999998996,0.2655
252.19999999998996,0.26349999999999996
252.29999999998995,0.26225000000000004
252.39999999998994,0.2598333333333333
252.49999999998994,0.25733333333333336
252.59999999998993,0.25575
252.69999999998993,0.25375
252.79999999998992,0.25175000000000003
252.89999999998992,0.2500833333333333
252.9999999999899,0.24800000000000003
253.0999999999899,0.24600000000000002
253.1999999999899,0.24425000000000002
253.2999999999899,0.24233333333333332
253.3999999999899,0.2394166666666667
253.49999999998988,0.23666666666666666
253.59999999998988,0.23450000000000001
253.69999999998987,0.23258333333333334
253.79999999998986,0.2311666666666667
253.89999999998986,0.2290833333333333
253.99999999998985,0.22775
254.09999999998985,0.22583333333333336
254.19999999998984,0.224
254.29999999998984,0.22191666666666668
254.39999999998983,0.21991666666666668
254.49999999998983,0.21833333333333332
254.59999999998982,0.21725000000000003
254.6999999999898,0.2151666666666667
254.7999999999898,0.21325000000000002
254.8999999999898,0.21150000000000002
254.9999999999898,0.20983333333333334
255.0999999999898,0.20766666666666667
255.19999999998979,0.206
255.29999999998978,0.20491666666666666
255.39999999998977,0.20283333333333334
255.49999999998977,0.20133333333333334
255.59999999998976,0.19958333333333336
255.69999999998976,0.1985
255.79999999998975,0.19683333333333333
255.89999999998975,0.19475000000000003
255.99999999998974,0.19375
256.09999999998973,0.19108333333333333
256.19999999998976,0.1895
256.2999999999898,0.18808333333333335
256.3999999999898,0.18666666666666668
256.4999999999898,0.18591666666666665
256.59999999998985,0.18408333333333335
256.69999999998987,0.18283333333333335
256.7999999999899,0.18133333333333335
256.8999999999899,0.18041666666666667
256.99999999998994,0.17816666666666664
257.09999999998996,0.17716666666666667
257.19999999999,0.17616666666666667
257.29999999999,0.17525
257.39999999999003,0.1736666666666667
257.49999999999005,0.17291666666666666
257.5999999999901,0.17166666666666666
257.6999999999901,0.17024999999999998
257.7999999999901,0.16908333333333334
257.89999999999014,0.16766666666666666
257.99999999999017,0.16658333333333333
258.0999999999902,0.16516666666666668
258.1999999999902,0.16383333333333333
258.29999999999023,0.16283333333333336
258.39999999999026,0.16175
258.4999999999903,0.16066666666666665
258.5999999999903,0.15975000000000003
258.6999999999903,0.159
258.79999999999035,0.15825
258.89999999999037,0.15716666666666665
258.9999999999904,0.1565
259.0999999999904,0.15541666666666668
259.19999999999044,0.15466666666666667
259.29999999999046,0.15333333333333335
259.3999999999905,0.1525
259.4999999999905,0.15158333333333332
259.59999999999053,0.15125000000000002
259.69999999999055,0.15058333333333335
259.7999999999906,0.14941666666666667
259.8999999999906,0.14841666666666667
259.9999999999906,0.14758333333333334
260.09999999999064,0.14725
260.19999999999067,0.14658333333333334
260.2999999999907,0.14550000000000002
260.3999999999907,0.1449166666666667
260.49999999999073,0.14433333333333334
260.59999999999076,0.14333333333333337
260.6999999999908,0.1424166666666667
260.7999999999908,0.14133333333333337
260.8999999999908,0.14075
260.99999999999085,0.1398333333333333
261.09999999999087,0.13958333333333334
261.1999999999909,0.1393333333333333
261.2999999999909,0.13874999999999998
261.39999999999094,0.13825000000000004
261.49999999999096,0.1378333333333333
261.599999999991,0.13725
261.699999999991,0.1369166666666667
261.79999999999103,0.13591666666666666
261.89999999999105,0.1355
261.9999999999911,0.135
262.0999999999911,0.13475
262.1999999999911,0.13425
262.29999999999114,0.13391666666666666
262.39999999999117,0.13375
262.4999999999912,0.1335
262.5999999999912,0.13316666666666668
262.69999999999123,0.13258333333333333
262.79999999999126,0.13191666666666668
262.8999999999913,0.13158333333333333
262.9999999999913,0.13125
263.0999999999913,0.13066666666666668
263.19999999999135,0.13075
263.29999999999137,0.13041666666666665
263.3999999999914,0.13025000000000003
263.4999999999914,0.13041666666666668
263.59999999999144,0.13058333333333333
263.69999999999146,0.12975
263.7999999999915,0.12900000000000003
263.8999999999915,0.12875
